{"v":"5.1.20","fr":24,"ip":0,"op":68,"w":1080,"h":1080,"nm":"Suprised ","ddd":0,"assets":[{"id":"comp_0","layers":[{"ddd":0,"ind":2,"ty":4,"nm":"Brow 1","sr":1,"ks":{"o":{"a":0,"k":100,"ix":11},"r":{"a":0,"k":0,"ix":10},"p":{"s":true,"x":{"a":1,"k":[{"i":{"x":[0.667],"y":[1]},"o":{"x":[0.333],"y":[0]},"n":["0p667_1_0p333_0"],"t":6,"s":[540],"e":[540]},{"i":{"x":[0.667],"y":[1]},"o":{"x":[0.333],"y":[0]},"n":["0p667_1_0p333_0"],"t":8,"s":[540],"e":[540]},{"i":{"x":[0.667],"y":[1]},"o":{"x":[0.333],"y":[0]},"n":["0p667_1_0p333_0"],"t":43,"s":[540],"e":[540]},{"t":51}],"ix":3},"y":{"a":1,"k":[{"i":{"x":[0.403],"y":[1]},"o":{"x":[0.12],"y":[0.003]},"n":["0p403_1_0p12_0p003"],"t":6,"s":[540],"e":[378]},{"i":{"x":[0.996],"y":[-2.009]},"o":{"x":[0.334],"y":[-0.321]},"n":["0p996_-2p009_0p334_-0p321"],"t":8,"s":[378],"e":[378]},{"i":{"x":[0.77],"y":[1.005]},"o":{"x":[0.49],"y":[0.508]},"n":["0p77_1p005_0p49_0p508"],"t":43,"s":[378],"e":[540]},{"t":51}],"ix":4}},"a":{"a":0,"k":[0,0,0],"ix":1},"s":{"a":0,"k":[100,100,100],"ix":6}},"ao":0,"shapes":[{"ty":"gr","it":[{"ind":0,"ty":"sh","ix":1,"ks":{"a":1,"k":[{"i":{"x":0.415,"y":1},"o":{"x":0.115,"y":0.024},"n":"0p415_1_0p115_0p024","t":6,"s":[{"i":[[-35.128,35.128],[-59.5,-19]],"o":[[40.5,-40.5],[45.286,14.461]],"v":[[-253,-259],[-76,-296]],"c":false}],"e":[{"i":[[-30.251,39.406],[-103,-15.5]],"o":[[38,-49.5],[47.01,7.074]],"v":[[-281,-247],[-54,-327.5]],"c":false}]},{"i":{"x":0.667,"y":1},"o":{"x":0.333,"y":0},"n":"0p667_1_0p333_0","t":8,"s":[{"i":[[-30.251,39.406],[-103,-15.5]],"o":[[38,-49.5],[47.01,7.074]],"v":[[-281,-247],[-54,-327.5]],"c":false}],"e":[{"i":[[-30.251,39.406],[-103,-15.5]],"o":[[38,-49.5],[47.01,7.074]],"v":[[-281,-247],[-54,-327.5]],"c":false}]},{"i":{"x":0.667,"y":1},"o":{"x":0.333,"y":0},"n":"0p667_1_0p333_0","t":43,"s":[{"i":[[-30.251,39.406],[-103,-15.5]],"o":[[38,-49.5],[47.01,7.074]],"v":[[-281,-247],[-54,-327.5]],"c":false}],"e":[{"i":[[-35.128,35.128],[-59.5,-19]],"o":[[40.5,-40.5],[45.286,14.461]],"v":[[-253,-259],[-76,-296]],"c":false}]},{"t":51}],"ix":2},"nm":"Path 1","mn":"ADBE Vector Shape - Group","hd":false},{"ty":"st","c":{"a":0,"k":[0.592156862745,0.396078431373,0.21568627451,1],"ix":3},"o":{"a":0,"k":100,"ix":4},"w":{"a":0,"k":40,"ix":5},"lc":2,"lj":2,"nm":"Stroke 1","mn":"ADBE Vector Graphic - Stroke","hd":false},{"ty":"tr","p":{"a":0,"k":[0,0],"ix":2},"a":{"a":0,"k":[0,0],"ix":1},"s":{"a":0,"k":[100,100],"ix":3},"r":{"a":0,"k":0,"ix":6},"o":{"a":0,"k":100,"ix":7},"sk":{"a":0,"k":0,"ix":4},"sa":{"a":0,"k":0,"ix":5},"nm":"Transform"}],"nm":"Shape 1","np":3,"cix":2,"ix":1,"mn":"ADBE Vector Group","hd":false}],"ip":0,"op":68,"st":0,"bm":0},{"ddd":0,"ind":3,"ty":4,"nm":"Brow 2","sr":1,"ks":{"o":{"a":0,"k":100,"ix":11},"r":{"a":0,"k":0,"ix":10},"p":{"s":true,"x":{"a":1,"k":[{"i":{"x":[0.667],"y":[1]},"o":{"x":[0.333],"y":[0]},"n":["0p667_1_0p333_0"],"t":6,"s":[548],"e":[548]},{"i":{"x":[0.667],"y":[1]},"o":{"x":[0.333],"y":[0]},"n":["0p667_1_0p333_0"],"t":8,"s":[548],"e":[548]},{"i":{"x":[0.667],"y":[1]},"o":{"x":[0.333],"y":[0]},"n":["0p667_1_0p333_0"],"t":43,"s":[548],"e":[548]},{"t":51}],"ix":3},"y":{"a":1,"k":[{"i":{"x":[0.294],"y":[1]},"o":{"x":[0.12],"y":[0.003]},"n":["0p294_1_0p12_0p003"],"t":6,"s":[537.5],"e":[375.5]},{"i":{"x":[0.995],"y":[-2.699]},"o":{"x":[0.333],"y":[-0.423]},"n":["0p995_-2p699_0p333_-0p423"],"t":8,"s":[375.5],"e":[375.5]},{"i":{"x":[0.758],"y":[0.996]},"o":{"x":[0.413],"y":[0.425]},"n":["0p758_0p996_0p413_0p425"],"t":43,"s":[375.5],"e":[537.5]},{"t":51}],"ix":4}},"a":{"a":0,"k":[0,0,0],"ix":1},"s":{"a":0,"k":[-100,100,100],"ix":6}},"ao":0,"shapes":[{"ty":"gr","it":[{"ind":0,"ty":"sh","ix":1,"ks":{"a":1,"k":[{"i":{"x":0.471,"y":1},"o":{"x":0.115,"y":0.024},"n":"0p471_1_0p115_0p024","t":6,"s":[{"i":[[-35.128,35.128],[-59.5,-19]],"o":[[40.5,-40.5],[45.286,14.461]],"v":[[-253,-259],[-76,-296]],"c":false}],"e":[{"i":[[-29.54,39.942],[-114.5,-7.5]],"o":[[35.5,-48],[47.438,3.107]],"v":[[-295,-246],[-68,-326]],"c":false}]},{"i":{"x":0.667,"y":1},"o":{"x":0.333,"y":0},"n":"0p667_1_0p333_0","t":8,"s":[{"i":[[-29.54,39.942],[-114.5,-7.5]],"o":[[35.5,-48],[47.438,3.107]],"v":[[-295,-246],[-68,-326]],"c":false}],"e":[{"i":[[-29.54,39.942],[-114.5,-7.5]],"o":[[35.5,-48],[47.438,3.107]],"v":[[-295,-246],[-68,-326]],"c":false}]},{"i":{"x":0.667,"y":1},"o":{"x":0.333,"y":0},"n":"0p667_1_0p333_0","t":43,"s":[{"i":[[-29.54,39.942],[-114.5,-7.5]],"o":[[35.5,-48],[47.438,3.107]],"v":[[-295,-246],[-68,-326]],"c":false}],"e":[{"i":[[-35.128,35.128],[-59.5,-19]],"o":[[40.5,-40.5],[45.286,14.461]],"v":[[-253,-259],[-76,-296]],"c":false}]},{"t":51}],"ix":2},"nm":"Path 1","mn":"ADBE Vector Shape - Group","hd":false},{"ty":"st","c":{"a":0,"k":[0.592156862745,0.396078431373,0.21568627451,1],"ix":3},"o":{"a":0,"k":100,"ix":4},"w":{"a":0,"k":40,"ix":5},"lc":2,"lj":2,"nm":"Stroke 1","mn":"ADBE Vector Graphic - Stroke","hd":false},{"ty":"tr","p":{"a":0,"k":[0,0],"ix":2},"a":{"a":0,"k":[0,0],"ix":1},"s":{"a":0,"k":[100,100],"ix":3},"r":{"a":0,"k":0,"ix":6},"o":{"a":0,"k":100,"ix":7},"sk":{"a":0,"k":0,"ix":4},"sa":{"a":0,"k":0,"ix":5},"nm":"Transform"}],"nm":"Shape 1","np":3,"cix":2,"ix":1,"mn":"ADBE Vector Group","hd":false}],"ip":0,"op":68,"st":0,"bm":0},{"ddd":0,"ind":4,"ty":4,"nm":"Line R","sr":1,"ks":{"o":{"a":1,"k":[{"i":{"x":[0.833],"y":[0.833]},"o":{"x":[0.167],"y":[0.167]},"n":["0p833_0p833_0p167_0p167"],"t":53,"s":[0],"e":[80]},{"i":{"x":[0.833],"y":[0.833]},"o":{"x":[0.167],"y":[0.167]},"n":["0p833_0p833_0p167_0p167"],"t":54,"s":[80],"e":[0]},{"t":55}],"ix":11},"r":{"a":0,"k":0,"ix":10},"p":{"a":0,"k":[683,458,0],"ix":2},"a":{"a":0,"k":[-103,-86,0],"ix":1},"s":{"a":0,"k":[100,100,100],"ix":6}},"ao":0,"shapes":[{"ty":"gr","it":[{"ind":0,"ty":"sh","ix":1,"ks":{"a":0,"k":{"i":[[-45.485,-25.615],[-49.311,26.427]],"o":[[55.189,31.081],[40.631,-21.775]],"v":[[-225,-116.15],[-20,-117.244]],"c":false},"ix":2},"nm":"Path 1","mn":"ADBE Vector Shape - Group","hd":false},{"ty":"st","c":{"a":0,"k":[0,0,0,1],"ix":3},"o":{"a":0,"k":100,"ix":4},"w":{"a":0,"k":44,"ix":5},"lc":2,"lj":1,"ml":4,"nm":"Stroke 1","mn":"ADBE Vector Graphic - Stroke","hd":false},{"ty":"gf","o":{"a":0,"k":100,"ix":10},"r":1,"g":{"p":3,"k":{"a":0,"k":[0,1,0.706,0,0.499,0.996,0.755,0.151,0.999,0.992,0.804,0.302],"ix":9}},"s":{"a":0,"k":[0,0],"ix":5},"e":{"a":0,"k":[100,0],"ix":6},"t":1,"nm":"Gradient Fill 1","mn":"ADBE Vector Graphic - G-Fill","hd":false},{"ty":"tr","p":{"a":0,"k":[0,0],"ix":2},"a":{"a":0,"k":[0,0],"ix":1},"s":{"a":0,"k":[86.567,86.988],"ix":3},"r":{"a":0,"k":0,"ix":6},"o":{"a":0,"k":100,"ix":7},"sk":{"a":0,"k":0,"ix":4},"sa":{"a":0,"k":0,"ix":5},"nm":"Transform"}],"nm":"Shape 1","np":3,"cix":2,"ix":1,"mn":"ADBE Vector Group","hd":false}],"ip":0,"op":70,"st":0,"bm":0},{"ddd":0,"ind":5,"ty":4,"nm":"Line L","sr":1,"ks":{"o":{"a":1,"k":[{"i":{"x":[0.833],"y":[0.833]},"o":{"x":[0.167],"y":[0.167]},"n":["0p833_0p833_0p167_0p167"],"t":53,"s":[0],"e":[80]},{"i":{"x":[0.833],"y":[0.833]},"o":{"x":[0.167],"y":[0.167]},"n":["0p833_0p833_0p167_0p167"],"t":54,"s":[80],"e":[0]},{"t":55}],"ix":11},"r":{"a":0,"k":0,"ix":10},"p":{"a":0,"k":[408,460,0],"ix":2},"a":{"a":0,"k":[-106,-84,0],"ix":1},"s":{"a":0,"k":[100,100,100],"ix":6}},"ao":0,"shapes":[{"ty":"gr","it":[{"ind":0,"ty":"sh","ix":1,"ks":{"a":0,"k":{"i":[[-44.922,-26.589],[-57.397,27.576]],"o":[[50.568,29.931],[41.551,-19.963]],"v":[[-225,-116.15],[-20,-117.244]],"c":false},"ix":2},"nm":"Path 1","mn":"ADBE Vector Shape - Group","hd":false},{"ty":"st","c":{"a":0,"k":[0,0,0,1],"ix":3},"o":{"a":0,"k":100,"ix":4},"w":{"a":0,"k":44,"ix":5},"lc":2,"lj":1,"ml":4,"nm":"Stroke 1","mn":"ADBE Vector Graphic - Stroke","hd":false},{"ty":"gf","o":{"a":0,"k":100,"ix":10},"r":1,"g":{"p":3,"k":{"a":0,"k":[0,1,0.706,0,0.499,0.996,0.755,0.151,0.999,0.992,0.804,0.302],"ix":9}},"s":{"a":0,"k":[0,0],"ix":5},"e":{"a":0,"k":[100,0],"ix":6},"t":1,"nm":"Gradient Fill 1","mn":"ADBE Vector Graphic - G-Fill","hd":false},{"ty":"tr","p":{"a":0,"k":[0,0],"ix":2},"a":{"a":0,"k":[0,0],"ix":1},"s":{"a":0,"k":[86.567,86.988],"ix":3},"r":{"a":0,"k":0,"ix":6},"o":{"a":0,"k":100,"ix":7},"sk":{"a":0,"k":0,"ix":4},"sa":{"a":0,"k":0,"ix":5},"nm":"Transform"}],"nm":"Shape 1","np":3,"cix":2,"ix":1,"mn":"ADBE Vector Group","hd":false}],"ip":0,"op":70,"st":0,"bm":0},{"ddd":0,"ind":6,"ty":4,"nm":"Pupil L","sr":1,"ks":{"o":{"a":1,"k":[{"i":{"x":[0.833],"y":[0.833]},"o":{"x":[0.167],"y":[0.167]},"n":["0p833_0p833_0p167_0p167"],"t":53,"s":[100],"e":[0]},{"i":{"x":[0.833],"y":[0.833]},"o":{"x":[0.167],"y":[0.167]},"n":["0p833_0p833_0p167_0p167"],"t":54,"s":[0],"e":[100]},{"t":55}],"ix":11},"r":{"a":0,"k":0,"ix":10},"p":{"s":true,"x":{"a":1,"k":[{"i":{"x":[0.598],"y":[0.986]},"o":{"x":[0.12],"y":[0.098]},"n":["0p598_0p986_0p12_0p098"],"t":6,"s":[412],"e":[438]},{"i":{"x":[0.667],"y":[1]},"o":{"x":[0.333],"y":[0]},"n":["0p667_1_0p333_0"],"t":8,"s":[438],"e":[438]},{"i":{"x":[0.667],"y":[1]},"o":{"x":[0.333],"y":[0]},"n":["0p667_1_0p333_0"],"t":43,"s":[438],"e":[412]},{"t":51}],"ix":3},"y":{"a":1,"k":[{"i":{"x":[0.159],"y":[0.996]},"o":{"x":[0.575],"y":[0.003]},"n":["0p159_0p996_0p575_0p003"],"t":6,"s":[434],"e":[326]},{"i":{"x":[0.667],"y":[1]},"o":{"x":[0.333],"y":[0]},"n":["0p667_1_0p333_0"],"t":8,"s":[326],"e":[328]},{"i":{"x":[0.667],"y":[1]},"o":{"x":[0.333],"y":[0]},"n":["0p667_1_0p333_0"],"t":43,"s":[328],"e":[434]},{"t":51}],"ix":4}},"a":{"a":0,"k":[-108,-108,0],"ix":1},"s":{"a":1,"k":[{"i":{"x":[0.105,0.105,0.667],"y":[1.01,1.01,1]},"o":{"x":[0.52,0.52,0.52],"y":[0,0,0]},"n":["0p105_1p01_0p52_0","0p105_1p01_0p52_0","0p667_1_0p52_0"],"t":6,"s":[100,100,100],"e":[119,119,100]},{"i":{"x":[0.667,0.667,0.667],"y":[1,1,1]},"o":{"x":[0.333,0.333,0.333],"y":[0,0,0]},"n":["0p667_1_0p333_0","0p667_1_0p333_0","0p667_1_0p333_0"],"t":8,"s":[119,119,100],"e":[119,119,100]},{"i":{"x":[0.667,0.667,0.667],"y":[1,1,1]},"o":{"x":[0.333,0.333,0.333],"y":[0,0,0]},"n":["0p667_1_0p333_0","0p667_1_0p333_0","0p667_1_0p333_0"],"t":43,"s":[119,119,100],"e":[100,100,100]},{"i":{"x":[0.833,0.833,0.833],"y":[1,1,1]},"o":{"x":[0.333,0.333,0.333],"y":[0,0,0]},"n":["0p833_1_0p333_0","0p833_1_0p333_0","0p833_1_0p333_0"],"t":51,"s":[100,100,100],"e":[100,100,100]},{"i":{"x":[0.833,0.833,0.833],"y":[0.833,0.833,0.833]},"o":{"x":[0.167,0.167,0.167],"y":[0.167,0.167,0.167]},"n":["0p833_0p833_0p167_0p167","0p833_0p833_0p167_0p167","0p833_0p833_0p167_0p167"],"t":52,"s":[100,100,100],"e":[100,87,100]},{"i":{"x":[0.833,0.833,0.833],"y":[0.833,0.833,0.833]},"o":{"x":[0.167,0.167,0.167],"y":[0.167,0.167,0.167]},"n":["0p833_0p833_0p167_0p167","0p833_0p833_0p167_0p167","0p833_0p833_0p167_0p167"],"t":53,"s":[100,87,100],"e":[100,87,100]},{"i":{"x":[0.833,0.833,0.833],"y":[0.833,0.833,0.833]},"o":{"x":[0.167,0.167,0.167],"y":[0.167,0.167,0.167]},"n":["0p833_0p833_0p167_0p167","0p833_0p833_0p167_0p167","0p833_0p833_0p167_0p167"],"t":56,"s":[100,87,100],"e":[100,100,100]},{"t":57}],"ix":6}},"ao":0,"shapes":[{"ty":"gr","it":[{"ind":0,"ty":"sh","ix":1,"ks":{"a":0,"k":{"i":[[10.35,-10.8],[0,-14.85],[-10.35,-10.35],[-15.3,0],[-10.8,10.35],[0,15.3],[10.35,10.35],[14.85,0]],"o":[[-10.35,10.35],[0,15.3],[10.35,10.35],[14.85,0],[10.35,-10.35],[0,-14.85],[-10.8,-10.8],[-15.3,0]],"v":[[-146.475,-145.8],[-162,-108],[-146.475,-69.525],[-108,-54],[-69.525,-69.525],[-54,-108],[-69.525,-145.8],[-108,-162]],"c":true},"ix":2},"nm":"Path 1","mn":"ADBE Vector Shape - Group","hd":false},{"ty":"fl","c":{"a":0,"k":[0,0,0,1],"ix":4},"o":{"a":0,"k":100,"ix":5},"r":1,"nm":"Fill 1","mn":"ADBE Vector Graphic - Fill","hd":false},{"ty":"tr","p":{"a":0,"k":[0,0],"ix":2},"a":{"a":0,"k":[0,0],"ix":1},"s":{"a":0,"k":[100,100],"ix":3},"r":{"a":0,"k":0,"ix":6},"o":{"a":0,"k":100,"ix":7},"sk":{"a":0,"k":0,"ix":4},"sa":{"a":0,"k":0,"ix":5},"nm":"Transform"}],"nm":"path-2","np":2,"cix":2,"ix":1,"mn":"ADBE Vector Group","hd":false}],"ip":0,"op":69,"st":0,"bm":0},{"ddd":0,"ind":7,"ty":4,"nm":"Pupil R","sr":1,"ks":{"o":{"a":1,"k":[{"i":{"x":[0.833],"y":[0.833]},"o":{"x":[0.167],"y":[0.167]},"n":["0p833_0p833_0p167_0p167"],"t":53,"s":[100],"e":[0]},{"i":{"x":[0.833],"y":[0.833]},"o":{"x":[0.167],"y":[0.167]},"n":["0p833_0p833_0p167_0p167"],"t":54,"s":[0],"e":[100]},{"t":55}],"ix":11},"r":{"a":0,"k":0,"ix":10},"p":{"s":true,"x":{"a":1,"k":[{"i":{"x":[0.156],"y":[0.82]},"o":{"x":[0.299],"y":[-0.005]},"n":["0p156_0p82_0p299_-0p005"],"t":6,"s":[676],"e":[650]},{"i":{"x":[0.667],"y":[1]},"o":{"x":[0.333],"y":[0]},"n":["0p667_1_0p333_0"],"t":8,"s":[650],"e":[650]},{"i":{"x":[0.667],"y":[1]},"o":{"x":[0.333],"y":[0]},"n":["0p667_1_0p333_0"],"t":43,"s":[650],"e":[676]},{"t":51}],"ix":3},"y":{"a":1,"k":[{"i":{"x":[0.418],"y":[1.006]},"o":{"x":[0.148],"y":[0.016]},"n":["0p418_1p006_0p148_0p016"],"t":6,"s":[434],"e":[326]},{"i":{"x":[0.667],"y":[1]},"o":{"x":[0.333],"y":[0]},"n":["0p667_1_0p333_0"],"t":8,"s":[326],"e":[326]},{"i":{"x":[0.667],"y":[1]},"o":{"x":[0.333],"y":[0]},"n":["0p667_1_0p333_0"],"t":43,"s":[326],"e":[434]},{"t":51}],"ix":4}},"a":{"a":0,"k":[108,-108,0],"ix":1},"s":{"a":1,"k":[{"i":{"x":[0.252,0.252,0.667],"y":[0.999,0.999,1]},"o":{"x":[0.12,0.12,0.52],"y":[-0.002,-0.002,0]},"n":["0p252_0p999_0p12_-0p002","0p252_0p999_0p12_-0p002","0p667_1_0p52_0"],"t":6,"s":[100,100,100],"e":[119,119,100]},{"i":{"x":[0.667,0.667,0.667],"y":[1,1,1]},"o":{"x":[0.333,0.333,0.333],"y":[0,0,0]},"n":["0p667_1_0p333_0","0p667_1_0p333_0","0p667_1_0p333_0"],"t":8,"s":[119,119,100],"e":[119,119,100]},{"i":{"x":[0.667,0.667,0.667],"y":[1,1,1]},"o":{"x":[0.333,0.333,0.333],"y":[0,0,0]},"n":["0p667_1_0p333_0","0p667_1_0p333_0","0p667_1_0p333_0"],"t":43,"s":[119,119,100],"e":[100,100,100]},{"i":{"x":[0.833,0.833,0.833],"y":[1,1,1]},"o":{"x":[0.333,0.333,0.333],"y":[0,0,0]},"n":["0p833_1_0p333_0","0p833_1_0p333_0","0p833_1_0p333_0"],"t":51,"s":[100,100,100],"e":[100,100,100]},{"i":{"x":[0.833,0.833,0.833],"y":[0.833,0.833,0.833]},"o":{"x":[0.167,0.167,0.167],"y":[0.167,0.167,0.167]},"n":["0p833_0p833_0p167_0p167","0p833_0p833_0p167_0p167","0p833_0p833_0p167_0p167"],"t":52,"s":[100,100,100],"e":[100,92,100]},{"i":{"x":[0.833,0.833,0.833],"y":[0.833,0.833,0.833]},"o":{"x":[0.167,0.167,0.167],"y":[0.167,0.167,0.167]},"n":["0p833_0p833_0p167_0p167","0p833_0p833_0p167_0p167","0p833_0p833_0p167_0p167"],"t":53,"s":[100,92,100],"e":[100,92,100]},{"i":{"x":[0.833,0.833,0.833],"y":[0.833,0.833,0.833]},"o":{"x":[0.167,0.167,0.167],"y":[0.167,0.167,0.167]},"n":["0p833_0p833_0p167_0p167","0p833_0p833_0p167_0p167","0p833_0p833_0p167_0p167"],"t":56,"s":[100,92,100],"e":[100,100,100]},{"t":57}],"ix":6}},"ao":0,"shapes":[{"ty":"gr","it":[{"ind":0,"ty":"sh","ix":1,"ks":{"a":0,"k":{"i":[[10.35,-10.8],[0,-14.85],[-10.35,-10.35],[-15.3,0],[-10.8,10.35],[0,15.3],[10.35,10.35],[14.85,0]],"o":[[-10.35,10.35],[0,15.3],[10.35,10.35],[14.85,0],[10.35,-10.35],[0,-14.85],[-10.8,-10.8],[-15.3,0]],"v":[[69.525,-145.8],[54,-108],[69.525,-69.525],[108,-54],[146.475,-69.525],[162,-108],[146.475,-145.8],[108,-162]],"c":true},"ix":2},"nm":"Path 1","mn":"ADBE Vector Shape - Group","hd":false},{"ty":"fl","c":{"a":0,"k":[0,0,0,1],"ix":4},"o":{"a":0,"k":100,"ix":5},"r":1,"nm":"Fill 1","mn":"ADBE Vector Graphic - Fill","hd":false},{"ty":"tr","p":{"a":0,"k":[0,0],"ix":2},"a":{"a":0,"k":[0,0],"ix":1},"s":{"a":0,"k":[100,100],"ix":3},"r":{"a":0,"k":0,"ix":6},"o":{"a":0,"k":100,"ix":7},"sk":{"a":0,"k":0,"ix":4},"sa":{"a":0,"k":0,"ix":5},"nm":"Transform"}],"nm":"Pupil R","np":2,"cix":2,"ix":1,"mn":"ADBE Vector Group","hd":false}],"ip":0,"op":69,"st":0,"bm":0},{"ddd":0,"ind":8,"ty":4,"nm":"White L","sr":1,"ks":{"o":{"a":1,"k":[{"i":{"x":[0.833],"y":[0.833]},"o":{"x":[0.167],"y":[0.167]},"n":["0p833_0p833_0p167_0p167"],"t":53,"s":[100],"e":[0]},{"i":{"x":[0.833],"y":[0.833]},"o":{"x":[0.167],"y":[0.167]},"n":["0p833_0p833_0p167_0p167"],"t":54,"s":[0],"e":[100]},{"t":55}],"ix":11},"r":{"a":0,"k":0,"ix":10},"p":{"s":true,"x":{"a":1,"k":[{"i":{"x":[0.198],"y":[0.954]},"o":{"x":[0.12],"y":[0.003]},"n":["0p198_0p954_0p12_0p003"],"t":6,"s":[412],"e":[436]},{"i":{"x":[0.667],"y":[1]},"o":{"x":[0.333],"y":[0]},"n":["0p667_1_0p333_0"],"t":8,"s":[436],"e":[436]},{"i":{"x":[0.667],"y":[1]},"o":{"x":[0.333],"y":[0]},"n":["0p667_1_0p333_0"],"t":43,"s":[436],"e":[412]},{"t":51}],"ix":3},"y":{"a":1,"k":[{"i":{"x":[0.418],"y":[0.999]},"o":{"x":[0.12],"y":[0.004]},"n":["0p418_0p999_0p12_0p004"],"t":6,"s":[432],"e":[326]},{"i":{"x":[0.667],"y":[1]},"o":{"x":[0.333],"y":[0]},"n":["0p667_1_0p333_0"],"t":8,"s":[326],"e":[326]},{"i":{"x":[0.667],"y":[1]},"o":{"x":[0.333],"y":[0]},"n":["0p667_1_0p333_0"],"t":43,"s":[326],"e":[432]},{"t":51}],"ix":4}},"a":{"a":0,"k":[-108,-108,0],"ix":1},"s":{"a":1,"k":[{"i":{"x":[0.474,0.474,0.667],"y":[1.005,1.005,1]},"o":{"x":[0.12,0.12,0.52],"y":[-0.004,-0.004,0]},"n":["0p474_1p005_0p12_-0p004","0p474_1p005_0p12_-0p004","0p667_1_0p52_0"],"t":6,"s":[100,100,100],"e":[148,148,100]},{"i":{"x":[0.667,0.667,0.667],"y":[1,1,1]},"o":{"x":[0.333,0.333,0.333],"y":[0,0,0]},"n":["0p667_1_0p333_0","0p667_1_0p333_0","0p667_1_0p333_0"],"t":8,"s":[148,148,100],"e":[148,148,100]},{"i":{"x":[0.667,0.667,0.667],"y":[1,1,1]},"o":{"x":[0.333,0.333,0.333],"y":[0,0,0]},"n":["0p667_1_0p333_0","0p667_1_0p333_0","0p667_1_0p333_0"],"t":43,"s":[148,148,100],"e":[100,100,100]},{"i":{"x":[0.833,0.833,0.833],"y":[1,1,1]},"o":{"x":[0.333,0.333,0.333],"y":[0,0,0]},"n":["0p833_1_0p333_0","0p833_1_0p333_0","0p833_1_0p333_0"],"t":51,"s":[100,100,100],"e":[100,100,100]},{"i":{"x":[0.833,0.833,0.833],"y":[0.833,0.833,0.833]},"o":{"x":[0.167,0.167,0.167],"y":[0.167,0.167,0.167]},"n":["0p833_0p833_0p167_0p167","0p833_0p833_0p167_0p167","0p833_0p833_0p167_0p167"],"t":52,"s":[100,100,100],"e":[100,47,100]},{"i":{"x":[0.833,0.833,0.833],"y":[0.833,0.833,0.833]},"o":{"x":[0.167,0.167,0.167],"y":[0.167,0.167,0.167]},"n":["0p833_0p833_0p167_0p167","0p833_0p833_0p167_0p167","0p833_0p833_0p167_0p167"],"t":53,"s":[100,47,100],"e":[100,47,100]},{"i":{"x":[0.833,0.833,0.833],"y":[0.833,0.833,0.833]},"o":{"x":[0.167,0.167,0.167],"y":[0.167,0.167,0.167]},"n":["0p833_0p833_0p167_0p167","0p833_0p833_0p167_0p167","0p833_0p833_0p167_0p167"],"t":55,"s":[100,47,100],"e":[100,100,100]},{"t":57}],"ix":6}},"ao":0,"shapes":[{"ty":"gr","it":[{"ind":0,"ty":"sh","ix":1,"ks":{"a":0,"k":{"i":[[20.7,-21.15],[0,-29.7],[-21.15,-20.7],[-30.15,0],[-21.15,21.15],[0,30.15],[21.15,21.15],[29.7,0]],"o":[[-21.15,21.15],[0,30.15],[20.7,21.15],[29.7,0],[21.15,-20.7],[0,-29.7],[-21.15,-21.15],[-30.15,0]],"v":[[-184.275,-184.275],[-216,-108],[-184.275,-31.725],[-108,0],[-31.725,-31.725],[0,-108],[-31.725,-184.275],[-108,-216]],"c":true},"ix":2},"nm":"Path 1","mn":"ADBE Vector Shape - Group","hd":false},{"ty":"fl","c":{"a":0,"k":[1,1,1,1],"ix":4},"o":{"a":0,"k":100,"ix":5},"r":1,"nm":"Fill 1","mn":"ADBE Vector Graphic - Fill","hd":false},{"ty":"tr","p":{"a":0,"k":[0,0],"ix":2},"a":{"a":0,"k":[0,0],"ix":1},"s":{"a":0,"k":[100,100],"ix":3},"r":{"a":0,"k":0,"ix":6},"o":{"a":0,"k":100,"ix":7},"sk":{"a":0,"k":0,"ix":4},"sa":{"a":0,"k":0,"ix":5},"nm":"Transform"}],"nm":"White L","np":2,"cix":2,"ix":1,"mn":"ADBE Vector Group","hd":false}],"ip":0,"op":69,"st":0,"bm":0},{"ddd":0,"ind":9,"ty":4,"nm":"White R","sr":1,"ks":{"o":{"a":1,"k":[{"i":{"x":[0.833],"y":[0.833]},"o":{"x":[0.167],"y":[0.167]},"n":["0p833_0p833_0p167_0p167"],"t":53,"s":[100],"e":[0]},{"i":{"x":[0.833],"y":[0.833]},"o":{"x":[0.167],"y":[0.167]},"n":["0p833_0p833_0p167_0p167"],"t":54,"s":[0],"e":[100]},{"t":55}],"ix":11},"r":{"a":0,"k":0,"ix":10},"p":{"s":true,"x":{"a":1,"k":[{"i":{"x":[0.043],"y":[1.001]},"o":{"x":[0.12],"y":[-0.005]},"n":["0p043_1p001_0p12_-0p005"],"t":6,"s":[677],"e":[651]},{"i":{"x":[0.667],"y":[1]},"o":{"x":[0.333],"y":[0]},"n":["0p667_1_0p333_0"],"t":8,"s":[651],"e":[651]},{"i":{"x":[0.667],"y":[1]},"o":{"x":[0.333],"y":[0]},"n":["0p667_1_0p333_0"],"t":43,"s":[651],"e":[677]},{"t":51}],"ix":3},"y":{"a":1,"k":[{"i":{"x":[0.418],"y":[0.978]},"o":{"x":[0.12],"y":[0.003]},"n":["0p418_0p978_0p12_0p003"],"t":6,"s":[431],"e":[325]},{"i":{"x":[0.667],"y":[1]},"o":{"x":[0.333],"y":[0]},"n":["0p667_1_0p333_0"],"t":8,"s":[325],"e":[325]},{"i":{"x":[0.667],"y":[1]},"o":{"x":[0.333],"y":[0]},"n":["0p667_1_0p333_0"],"t":43,"s":[325],"e":[431]},{"t":51}],"ix":4}},"a":{"a":0,"k":[108,-108,0],"ix":1},"s":{"a":1,"k":[{"i":{"x":[0.473,0.473,0.667],"y":[1.006,1.006,1]},"o":{"x":[0.12,0.12,0.52],"y":[0,0,0]},"n":["0p473_1p006_0p12_0","0p473_1p006_0p12_0","0p667_1_0p52_0"],"t":6,"s":[100,100,100],"e":[148,148,100]},{"i":{"x":[0.667,0.667,0.667],"y":[1,1,1]},"o":{"x":[0.333,0.333,0.333],"y":[0,0,0]},"n":["0p667_1_0p333_0","0p667_1_0p333_0","0p667_1_0p333_0"],"t":8,"s":[148,148,100],"e":[148,148,100]},{"i":{"x":[0.667,0.667,0.667],"y":[1,1,1]},"o":{"x":[0.333,0.333,0.333],"y":[0,0,0]},"n":["0p667_1_0p333_0","0p667_1_0p333_0","0p667_1_0p333_0"],"t":43,"s":[148,148,100],"e":[100,100,100]},{"i":{"x":[0.833,0.833,0.833],"y":[1,1,1]},"o":{"x":[0.333,0.333,0.333],"y":[0,0,0]},"n":["0p833_1_0p333_0","0p833_1_0p333_0","0p833_1_0p333_0"],"t":51,"s":[100,100,100],"e":[100,100,100]},{"i":{"x":[0.833,0.833,0.833],"y":[0.833,0.833,0.833]},"o":{"x":[0.167,0.167,0.167],"y":[0.167,0.167,0.167]},"n":["0p833_0p833_0p167_0p167","0p833_0p833_0p167_0p167","0p833_0p833_0p167_0p167"],"t":52,"s":[100,100,100],"e":[100,48,100]},{"i":{"x":[0.833,0.833,0.833],"y":[0.833,0.833,0.833]},"o":{"x":[0.167,0.167,0.167],"y":[0.167,0.167,0.167]},"n":["0p833_0p833_0p167_0p167","0p833_0p833_0p167_0p167","0p833_0p833_0p167_0p167"],"t":53,"s":[100,48,100],"e":[100,48,100]},{"i":{"x":[0.833,0.833,0.833],"y":[0.833,0.833,0.833]},"o":{"x":[0.167,0.167,0.167],"y":[0.167,0.167,0.167]},"n":["0p833_0p833_0p167_0p167","0p833_0p833_0p167_0p167","0p833_0p833_0p167_0p167"],"t":55,"s":[100,48,100],"e":[100,100,100]},{"t":57}],"ix":6}},"ao":0,"shapes":[{"ty":"gr","it":[{"ind":0,"ty":"sh","ix":1,"ks":{"a":0,"k":{"i":[[20.7,-21.15],[0,-29.7],[-21.15,-20.7],[-30.15,0],[-21.15,21.15],[0,30.15],[21.15,21.15],[29.7,0]],"o":[[-21.15,21.15],[0,30.15],[20.7,21.15],[29.7,0],[21.15,-20.7],[0,-29.7],[-21.15,-21.15],[-30.15,0]],"v":[[31.725,-184.275],[0,-108],[31.725,-31.725],[108,0],[184.275,-31.725],[216,-108],[184.275,-184.275],[108,-216]],"c":true},"ix":2},"nm":"Path 1","mn":"ADBE Vector Shape - Group","hd":false},{"ty":"fl","c":{"a":0,"k":[1,1,1,1],"ix":4},"o":{"a":0,"k":100,"ix":5},"r":1,"nm":"Fill 1","mn":"ADBE Vector Graphic - Fill","hd":false},{"ty":"tr","p":{"a":0,"k":[0,0],"ix":2},"a":{"a":0,"k":[0,0],"ix":1},"s":{"a":0,"k":[100,100],"ix":3},"r":{"a":0,"k":0,"ix":6},"o":{"a":0,"k":100,"ix":7},"sk":{"a":0,"k":0,"ix":4},"sa":{"a":0,"k":0,"ix":5},"nm":"Transform"}],"nm":"White R","np":2,"cix":2,"ix":1,"mn":"ADBE Vector Group","hd":false}],"ip":0,"op":69,"st":0,"bm":0},{"ddd":0,"ind":10,"ty":4,"nm":"EyeBall R ","sr":1,"ks":{"o":{"a":1,"k":[{"i":{"x":[0.833],"y":[0.833]},"o":{"x":[0.167],"y":[0.167]},"n":["0p833_0p833_0p167_0p167"],"t":6,"s":[100],"e":[0]},{"i":{"x":[0.833],"y":[0.833]},"o":{"x":[0.167],"y":[0.167]},"n":["0p833_0p833_0p167_0p167"],"t":7,"s":[0],"e":[0]},{"i":{"x":[0.833],"y":[0.833]},"o":{"x":[0.167],"y":[0.167]},"n":["0p833_0p833_0p167_0p167"],"t":50,"s":[0],"e":[100]},{"t":51}],"ix":11},"r":{"a":0,"k":0,"ix":10},"p":{"a":0,"k":[568,540,0],"ix":2},"a":{"a":0,"k":[0,0,0],"ix":1},"s":{"a":0,"k":[100,100,100],"ix":6}},"ao":0,"shapes":[{"ty":"gr","it":[{"ind":0,"ty":"sh","ix":1,"ks":{"a":0,"k":{"i":[[20.7,-21.15],[0,-29.7],[-21.15,-20.7],[-30.15,0],[-21.15,21.15],[0,30.15],[21.15,21.15],[29.7,0]],"o":[[-21.15,21.15],[0,30.15],[20.7,21.15],[29.7,0],[21.15,-20.7],[0,-29.7],[-21.15,-21.15],[-30.15,0]],"v":[[31.725,-184.275],[0,-108],[31.725,-31.725],[108,0],[184.275,-31.725],[216,-108],[184.275,-184.275],[108,-216]],"c":true},"ix":2},"nm":"Path 1","mn":"ADBE Vector Shape - Group","hd":false},{"ty":"gf","o":{"a":0,"k":100,"ix":10},"r":1,"g":{"p":3,"k":{"a":0,"k":[0,1,0.706,0,0.499,0.996,0.755,0.151,0.999,0.992,0.804,0.302],"ix":9}},"s":{"a":0,"k":[115.996,2.328],"ix":5},"e":{"a":0,"k":[116.328,-208.012],"ix":6},"t":1,"nm":"Gradient Fill 1","mn":"ADBE Vector Graphic - G-Fill","hd":false},{"ty":"tr","p":{"a":0,"k":[0,0],"ix":2},"a":{"a":0,"k":[0,0],"ix":1},"s":{"a":0,"k":[100,100],"ix":3},"r":{"a":0,"k":0,"ix":6},"o":{"a":0,"k":100,"ix":7},"sk":{"a":0,"k":0,"ix":4},"sa":{"a":0,"k":0,"ix":5},"nm":"Transform"}],"nm":"White R","np":2,"cix":2,"ix":1,"mn":"ADBE Vector Group","hd":false}],"ip":0,"op":69,"st":0,"bm":0},{"ddd":0,"ind":11,"ty":4,"nm":"EyeBall L ","sr":1,"ks":{"o":{"a":1,"k":[{"i":{"x":[0.833],"y":[0.833]},"o":{"x":[0.167],"y":[0.167]},"n":["0p833_0p833_0p167_0p167"],"t":6,"s":[100],"e":[0]},{"i":{"x":[0.833],"y":[0.833]},"o":{"x":[0.167],"y":[0.167]},"n":["0p833_0p833_0p167_0p167"],"t":7,"s":[0],"e":[0]},{"i":{"x":[0.833],"y":[0.833]},"o":{"x":[0.167],"y":[0.167]},"n":["0p833_0p833_0p167_0p167"],"t":50,"s":[0],"e":[100]},{"t":51}],"ix":11},"r":{"a":0,"k":0,"ix":10},"p":{"a":0,"k":[520,540,0],"ix":2},"a":{"a":0,"k":[0,0,0],"ix":1},"s":{"a":0,"k":[100,100,100],"ix":6}},"ao":0,"shapes":[{"ty":"gr","it":[{"ind":0,"ty":"sh","ix":1,"ks":{"a":0,"k":{"i":[[20.7,-21.15],[0,-29.7],[-21.15,-20.7],[-30.15,0],[-21.15,21.15],[0,30.15],[21.15,21.15],[29.7,0]],"o":[[-21.15,21.15],[0,30.15],[20.7,21.15],[29.7,0],[21.15,-20.7],[0,-29.7],[-21.15,-21.15],[-30.15,0]],"v":[[-184.275,-184.275],[-216,-108],[-184.275,-31.725],[-108,0],[-31.725,-31.725],[0,-108],[-31.725,-184.275],[-108,-216]],"c":true},"ix":2},"nm":"Path 1","mn":"ADBE Vector Shape - Group","hd":false},{"ty":"gf","o":{"a":0,"k":100,"ix":10},"r":1,"g":{"p":3,"k":{"a":0,"k":[0,1,0.706,0,0.499,0.996,0.755,0.151,0.999,0.992,0.804,0.302],"ix":9}},"s":{"a":0,"k":[-105.703,1.633],"ix":5},"e":{"a":0,"k":[-104.355,-208.004],"ix":6},"t":1,"nm":"Gradient Fill 1","mn":"ADBE Vector Graphic - G-Fill","hd":false},{"ty":"tr","p":{"a":0,"k":[0,0],"ix":2},"a":{"a":0,"k":[0,0],"ix":1},"s":{"a":0,"k":[100,100],"ix":3},"r":{"a":0,"k":0,"ix":6},"o":{"a":0,"k":100,"ix":7},"sk":{"a":0,"k":0,"ix":4},"sa":{"a":0,"k":0,"ix":5},"nm":"Transform"}],"nm":"White L","np":2,"cix":2,"ix":1,"mn":"ADBE Vector Group","hd":false}],"ip":0,"op":69,"st":0,"bm":0},{"ddd":0,"ind":12,"ty":4,"nm":"EyeSocketRight","sr":1,"ks":{"o":{"a":0,"k":100,"ix":11},"r":{"a":0,"k":0,"ix":10},"p":{"s":true,"x":{"a":1,"k":[{"i":{"x":[0.501],"y":[0.996]},"o":{"x":[0.12],"y":[-0.033]},"n":["0p501_0p996_0p12_-0p033"],"t":6,"s":[403.486],"e":[425.486]},{"i":{"x":[0.667],"y":[1]},"o":{"x":[0.333],"y":[0]},"n":["0p667_1_0p333_0"],"t":8,"s":[425.486],"e":[425.486]},{"i":{"x":[0.667],"y":[1]},"o":{"x":[0.333],"y":[0]},"n":["0p667_1_0p333_0"],"t":43,"s":[425.486],"e":[403.486]},{"t":51}],"ix":3},"y":{"a":1,"k":[{"i":{"x":[0.252],"y":[0.99]},"o":{"x":[0.12],"y":[0.003]},"n":["0p252_0p99_0p12_0p003"],"t":6,"s":[434.749],"e":[326.749]},{"i":{"x":[0.667],"y":[1]},"o":{"x":[0.333],"y":[0]},"n":["0p667_1_0p333_0"],"t":8,"s":[326.749],"e":[326.749]},{"i":{"x":[0.667],"y":[1]},"o":{"x":[0.333],"y":[0]},"n":["0p667_1_0p333_0"],"t":43,"s":[326.749],"e":[434.749]},{"t":51}],"ix":4}},"a":{"a":0,"k":[-130.514,-127.251,0],"ix":1},"s":{"a":1,"k":[{"i":{"x":[0.321,0.321,0.667],"y":[0.993,0.993,1]},"o":{"x":[0.52,0.52,0.52],"y":[0,0,0]},"n":["0p321_0p993_0p52_0","0p321_0p993_0p52_0","0p667_1_0p52_0"],"t":6,"s":[100,100,100],"e":[130,130,100]},{"i":{"x":[0.667,0.667,0.667],"y":[1,1,1]},"o":{"x":[0.333,0.333,0.333],"y":[0,0,0]},"n":["0p667_1_0p333_0","0p667_1_0p333_0","0p667_1_0p333_0"],"t":8,"s":[130,130,100],"e":[130,130,100]},{"i":{"x":[0.667,0.667,0.667],"y":[1,1,1]},"o":{"x":[0.333,0.333,0.333],"y":[0,0,0]},"n":["0p667_1_0p333_0","0p667_1_0p333_0","0p667_1_0p333_0"],"t":43,"s":[130,130,100],"e":[100,100,100]},{"t":51}],"ix":6}},"ao":0,"shapes":[{"ty":"gr","it":[{"ind":0,"ty":"sh","ix":1,"ks":{"a":0,"k":{"i":[[31.95,31.5],[44.999,0],[31.5,-31.5],[0,-44.999],[-31.499,-31.05],[-44.999,0],[-31.05,31.95],[0,44.999]],"o":[[-31.05,-31.5],[-44.999,0],[-31.499,31.5],[0,44.999],[31.5,31.95],[44.999,0],[31.95,-31.05],[0,-44.999]],"v":[[-6.083,-241.655],[-120.156,-288.904],[-234.905,-241.655],[-282.154,-126.906],[-234.905,-12.833],[-120.156,35.091],[-6.083,-12.833],[41.841,-126.906]],"c":true},"ix":2},"nm":"Path 1","mn":"ADBE Vector Shape - Group","hd":false},{"ty":"gf","o":{"a":0,"k":100,"ix":10},"r":1,"g":{"p":3,"k":{"a":0,"k":[0,1,0.706,0,0.5,1,0.706,0,1,1,0.706,0,0,1,0.5,0.5,1,0],"ix":9}},"s":{"a":0,"k":[-117.344,-277.355],"ix":5},"e":{"a":0,"k":[-116.016,41.328],"ix":6},"t":1,"nm":"Gradient Fill 1","mn":"ADBE Vector Graphic - G-Fill","hd":false},{"ty":"tr","p":{"a":0,"k":[0,0],"ix":2},"a":{"a":0,"k":[0,0],"ix":1},"s":{"a":0,"k":[100,100],"ix":3},"r":{"a":0,"k":0,"ix":6},"o":{"a":0,"k":100,"ix":7},"sk":{"a":0,"k":0,"ix":4},"sa":{"a":0,"k":0,"ix":5},"nm":"Transform"}],"nm":"EyeSocketRight","np":2,"cix":2,"ix":1,"mn":"ADBE Vector Group","hd":false}],"ip":0,"op":69,"st":0,"bm":0},{"ddd":0,"ind":13,"ty":4,"nm":"EyeSocketLeft","sr":1,"ks":{"o":{"a":0,"k":100,"ix":11},"r":{"a":0,"k":0,"ix":10},"p":{"s":true,"x":{"a":1,"k":[{"i":{"x":[0.708],"y":[0.994]},"o":{"x":[0.12],"y":[0.059]},"n":["0p708_0p994_0p12_0p059"],"t":6,"s":[675.251],"e":[649.251]},{"i":{"x":[0.667],"y":[1]},"o":{"x":[0.333],"y":[0]},"n":["0p667_1_0p333_0"],"t":8,"s":[649.251],"e":[649.251]},{"i":{"x":[0.667],"y":[1]},"o":{"x":[0.333],"y":[0]},"n":["0p667_1_0p333_0"],"t":43,"s":[649.251],"e":[675.251]},{"t":51}],"ix":3},"y":{"a":1,"k":[{"i":{"x":[0.223],"y":[0.98]},"o":{"x":[0.12],"y":[0.01]},"n":["0p223_0p98_0p12_0p01"],"t":6,"s":[438.012],"e":[330.012]},{"i":{"x":[0.667],"y":[1]},"o":{"x":[0.333],"y":[0]},"n":["0p667_1_0p333_0"],"t":8,"s":[330.012],"e":[330.012]},{"i":{"x":[0.667],"y":[1]},"o":{"x":[0.333],"y":[0]},"n":["0p667_1_0p333_0"],"t":43,"s":[330.012],"e":[438.012]},{"t":51}],"ix":4}},"a":{"a":0,"k":[127.251,-123.988,0],"ix":1},"s":{"a":1,"k":[{"i":{"x":[0.486,0.486,0.667],"y":[0.997,0.997,1]},"o":{"x":[0.174,0.174,0.52],"y":[-0.004,-0.004,0]},"n":["0p486_0p997_0p174_-0p004","0p486_0p997_0p174_-0p004","0p667_1_0p52_0"],"t":6,"s":[100,100,100],"e":[130,130,100]},{"i":{"x":[0.667,0.667,0.667],"y":[1,1,1]},"o":{"x":[0.333,0.333,0.333],"y":[0,0,0]},"n":["0p667_1_0p333_0","0p667_1_0p333_0","0p667_1_0p333_0"],"t":8,"s":[130,130,100],"e":[130,130,100]},{"i":{"x":[0.667,0.667,0.667],"y":[1,1,1]},"o":{"x":[0.333,0.333,0.333],"y":[0,0,0]},"n":["0p667_1_0p333_0","0p667_1_0p333_0","0p667_1_0p333_0"],"t":43,"s":[130,130,100],"e":[100,100,100]},{"t":51}],"ix":6}},"ao":0,"shapes":[{"ty":"gr","it":[{"ind":0,"ty":"sh","ix":1,"ks":{"a":0,"k":{"i":[[31.949,31.5],[44.999,0],[31.5,-31.5],[0,-44.999],[-31.5,-31.05],[-44.999,0],[-31.05,31.95],[0,44.999]],"o":[[-31.05,-31.5],[-44.999,0],[-31.5,31.5],[0,44.999],[31.5,31.95],[44.999,0],[31.949,-31.05],[0,-44.999]],"v":[[242.313,-241.655],[128.24,-288.904],[13.492,-241.655],[-33.758,-126.906],[13.492,-12.833],[128.24,35.091],[242.313,-12.833],[290.237,-126.906]],"c":true},"ix":2},"nm":"Path 1","mn":"ADBE Vector Shape - Group","hd":false},{"ty":"gf","o":{"a":0,"k":100,"ix":10},"r":1,"g":{"p":3,"k":{"a":0,"k":[0,1,0.706,0,0.5,1,0.706,0,1,1,0.706,0,0,1,0.5,0.5,1,0],"ix":9}},"s":{"a":0,"k":[130.996,-286.016],"ix":5},"e":{"a":0,"k":[132.324,38.652],"ix":6},"t":1,"nm":"Gradient Fill 1","mn":"ADBE Vector Graphic - G-Fill","hd":false},{"ty":"tr","p":{"a":0,"k":[0,0],"ix":2},"a":{"a":0,"k":[0,0],"ix":1},"s":{"a":0,"k":[100,100],"ix":3},"r":{"a":0,"k":0,"ix":6},"o":{"a":0,"k":100,"ix":7},"sk":{"a":0,"k":0,"ix":4},"sa":{"a":0,"k":0,"ix":5},"nm":"Transform"}],"nm":"EyeSocketLeft","np":2,"cix":2,"ix":1,"mn":"ADBE Vector Group","hd":false}],"ip":0,"op":69,"st":0,"bm":0}]}],"layers":[{"ddd":0,"ind":4,"ty":4,"nm":"Mouth_Circle Stroke","sr":1,"ks":{"o":{"a":1,"k":[{"i":{"x":[0.833],"y":[0.833]},"o":{"x":[0.167],"y":[0.167]},"n":["0p833_0p833_0p167_0p167"],"t":12,"s":[0],"e":[100]},{"i":{"x":[0.833],"y":[0.833]},"o":{"x":[0.167],"y":[0.167]},"n":["0p833_0p833_0p167_0p167"],"t":13,"s":[100],"e":[100]},{"i":{"x":[0.833],"y":[0.833]},"o":{"x":[0.167],"y":[0.167]},"n":["0p833_0p833_0p167_0p167"],"t":23,"s":[100],"e":[100]},{"i":{"x":[0.833],"y":[0.833]},"o":{"x":[0.167],"y":[0.167]},"n":["0p833_0p833_0p167_0p167"],"t":49,"s":[100],"e":[0]},{"t":50}],"ix":11},"r":{"a":0,"k":0,"ix":10},"p":{"a":0,"k":[540,540,0],"ix":2},"a":{"a":0,"k":[0,0,0],"ix":1},"s":{"a":0,"k":[100,100,100],"ix":6}},"ao":0,"shapes":[{"ty":"gr","it":[{"ind":0,"ty":"sh","ix":1,"ks":{"a":1,"k":[{"i":{"x":0.833,"y":0.833},"o":{"x":0.167,"y":0.167},"n":"0p833_0p833_0p167_0p167","t":13,"s":[{"i":[[80.633,2],[2,-29.273],[-76.417,0.518],[1.266,15.727]],"o":[[-76.395,-1.895],[-0.731,10.702],[80.633,-0.547],[-2.192,-27.24]],"v":[[-33,-98.273],[-223.367,-73],[-31,-68.727],[152.367,-76]],"c":true}],"e":[{"i":[[79.79,1.6],[-1.933,-29.74],[-76.416,0.518],[1.466,36.193]],"o":[[-76.399,-1.516],[-1.933,18.26],[80.633,-0.547],[-1.868,-30.807]],"v":[[-42.4,-109.34],[-218.434,-66.533],[-43.867,-43.127],[144.501,-75.467]],"c":true}]},{"i":{"x":0.833,"y":0.833},"o":{"x":0.167,"y":0.167},"n":"0p833_0p833_0p167_0p167","t":14,"s":[{"i":[[79.79,1.6],[-1.933,-29.74],[-76.416,0.518],[1.466,36.193]],"o":[[-76.399,-1.516],[-1.933,18.26],[80.633,-0.547],[-1.868,-30.807]],"v":[[-42.4,-109.34],[-218.434,-66.533],[-43.867,-43.127],[144.501,-75.467]],"c":true}],"e":[{"i":[[78.947,1.2],[-1.164,-49.907],[-76.416,0.518],[1.666,56.66]],"o":[[-76.404,-1.137],[-0.867,59.293],[80.633,-0.547],[-2.092,-50.946]],"v":[[-35.3,-131.907],[-200.001,-51.567],[-40.733,23.473],[132.134,-54.933]],"c":true}]},{"i":{"x":0.833,"y":0.833},"o":{"x":0.167,"y":0.167},"n":"0p833_0p833_0p167_0p167","t":15,"s":[{"i":[[78.947,1.2],[-1.164,-49.907],[-76.416,0.518],[1.666,56.66]],"o":[[-76.404,-1.137],[-0.867,59.293],[80.633,-0.547],[-2.092,-50.946]],"v":[[-35.3,-131.907],[-200.001,-51.567],[-40.733,23.473],[132.134,-54.933]],"c":true}],"e":[{"i":[[78.104,0.8],[-0.394,-70.074],[-76.416,0.518],[1.866,77.127]],"o":[[-76.409,-0.758],[0.2,100.327],[80.633,-0.547],[-2.316,-71.085]],"v":[[-34.2,-170.473],[-169.567,-26.6],[-27.6,134.073],[101.767,-26.4]],"c":true}]},{"i":{"x":0.833,"y":0.833},"o":{"x":0.167,"y":0.167},"n":"0p833_0p833_0p167_0p167","t":16,"s":[{"i":[[78.104,0.8],[-0.394,-70.074],[-76.416,0.518],[1.866,77.127]],"o":[[-76.409,-0.758],[0.2,100.327],[80.633,-0.547],[-2.316,-71.085]],"v":[[-34.2,-170.473],[-169.567,-26.6],[-27.6,134.073],[101.767,-26.4]],"c":true}],"e":[{"i":[[81.233,0.1],[-1.193,-83.674],[-91.567,-1.947],[3.566,116.927]],"o":[[-86.823,-0.107],[1.1,99.027],[80.616,1.714],[-2.358,-85.7]],"v":[[-35.6,-169.373],[-179.467,19.7],[-31.8,201.673],[109.067,3.8]],"c":true}]},{"i":{"x":0.833,"y":0.833},"o":{"x":0.167,"y":0.167},"n":"0p833_0p833_0p167_0p167","t":17,"s":[{"i":[[81.233,0.1],[-1.193,-83.674],[-91.567,-1.947],[3.566,116.927]],"o":[[-86.823,-0.107],[1.1,99.027],[80.616,1.714],[-2.358,-85.7]],"v":[[-35.6,-169.373],[-179.467,19.7],[-31.8,201.673],[109.067,3.8]],"c":true}],"e":[{"i":[[76.418,0],[-1.991,-97.274],[-76.416,0.518],[2.266,94.727]],"o":[[-76.418,0],[2,97.727],[80.633,-0.547],[-2.399,-100.314]],"v":[[-35,-170.273],[-185.367,-4],[-32,159.273],[116.367,-10]],"c":true}]},{"i":{"x":0.833,"y":0.833},"o":{"x":0.167,"y":0.167},"n":"0p833_0p833_0p167_0p167","t":18,"s":[{"i":[[76.418,0],[-1.991,-97.274],[-76.416,0.518],[2.266,94.727]],"o":[[-76.418,0],[2,97.727],[80.633,-0.547],[-2.399,-100.314]],"v":[[-35,-170.273],[-185.367,-4],[-32,159.273],[116.367,-10]],"c":true}],"e":[{"i":[[70.025,0.5],[-1.991,-97.274],[-79.367,-0.047],[1.483,94.739]],"o":[[-76.413,-0.6],[2,97.727],[76.148,0.045],[-1.567,-99.794]],"v":[[-35,-170.273],[-194.867,-13],[-28,129.773],[122.867,-20]],"c":true}]},{"i":{"x":0.833,"y":0.833},"o":{"x":0.167,"y":0.167},"n":"0p833_0p833_0p167_0p167","t":19,"s":[{"i":[[70.025,0.5],[-1.991,-97.274],[-79.367,-0.047],[1.483,94.739]],"o":[[-76.413,-0.6],[2,97.727],[76.148,0.045],[-1.567,-99.794]],"v":[[-35,-170.273],[-194.867,-13],[-28,129.773],[122.867,-20]],"c":true}],"e":[{"i":[[63.633,1],[-1.991,-97.274],[-76.37,2.715],[0.701,94.751]],"o":[[-76.409,-1.201],[2,97.727],[71.633,-2.547],[-0.734,-99.273]],"v":[[-35,-170.273],[-198.367,-20],[-26,120.273],[129.367,-30]],"c":true}]},{"i":{"x":0.833,"y":0.833},"o":{"x":0.167,"y":0.167},"n":"0p833_0p833_0p167_0p167","t":20,"s":[{"i":[[63.633,1],[-1.991,-97.274],[-76.37,2.715],[0.701,94.751]],"o":[[-76.409,-1.201],[2,97.727],[71.633,-2.547],[-0.734,-99.273]],"v":[[-35,-170.273],[-198.367,-20],[-26,120.273],[129.367,-30]],"c":true}],"e":[{"i":[[67.894,0.667],[-1.991,-97.274],[-71.367,1.953],[1.222,94.743]],"o":[[-76.412,-0.801],[2,97.727],[74.629,-2.042],[-1.289,-99.62]],"v":[[-35,-170.273],[-191.034,-10.667],[-29,135.773],[121.534,-17.833]],"c":true}]},{"i":{"x":0.833,"y":0.833},"o":{"x":0.167,"y":0.167},"n":"0p833_0p833_0p167_0p167","t":21,"s":[{"i":[[67.894,0.667],[-1.991,-97.274],[-71.367,1.953],[1.222,94.743]],"o":[[-76.412,-0.801],[2,97.727],[74.629,-2.042],[-1.289,-99.62]],"v":[[-35,-170.273],[-191.034,-10.667],[-29,135.773],[121.534,-17.833]],"c":true}],"e":[{"i":[[72.156,0.333],[-1.991,-97.274],[-76.401,1.251],[1.744,94.735]],"o":[[-76.415,-0.4],[2,97.727],[77.633,-1.214],[-1.844,-99.967]],"v":[[-35,-170.273],[-169.701,12.667],[-30,189.273],[99.701,0.333]],"c":true}]},{"i":{"x":0.833,"y":0.833},"o":{"x":0.167,"y":0.167},"n":"0p833_0p833_0p167_0p167","t":22,"s":[{"i":[[72.156,0.333],[-1.991,-97.274],[-76.401,1.251],[1.744,94.735]],"o":[[-76.415,-0.4],[2,97.727],[77.633,-1.214],[-1.844,-99.967]],"v":[[-35,-170.273],[-169.701,12.667],[-30,189.273],[99.701,0.333]],"c":true}],"e":[{"i":[[76.418,0],[-1.991,-97.274],[-76.416,0.518],[2.266,94.727]],"o":[[-76.418,0],[2,97.727],[80.633,-0.547],[-2.399,-100.314]],"v":[[-35,-170.273],[-185.367,-4],[-32,159.273],[116.367,-10]],"c":true}]},{"i":{"x":0.833,"y":0.833},"o":{"x":0.167,"y":0.167},"n":"0p833_0p833_0p167_0p167","t":23,"s":[{"i":[[76.418,0],[-1.991,-97.274],[-76.416,0.518],[2.266,94.727]],"o":[[-76.418,0],[2,97.727],[80.633,-0.547],[-2.399,-100.314]],"v":[[-35,-170.273],[-185.367,-4],[-32,159.273],[116.367,-10]],"c":true}],"e":[{"i":[[76.418,0],[-1.991,-97.274],[-76.416,0.518],[2.266,94.727]],"o":[[-76.418,0],[2,97.727],[80.633,-0.547],[-2.399,-100.314]],"v":[[-35,-170.273],[-191.367,-8],[-30,148.273],[123.367,-14]],"c":true}]},{"i":{"x":0.833,"y":0.833},"o":{"x":0.167,"y":0.167},"n":"0p833_0p833_0p167_0p167","t":24,"s":[{"i":[[76.418,0],[-1.991,-97.274],[-76.416,0.518],[2.266,94.727]],"o":[[-76.418,0],[2,97.727],[80.633,-0.547],[-2.399,-100.314]],"v":[[-35,-170.273],[-191.367,-8],[-30,148.273],[123.367,-14]],"c":true}],"e":[{"i":[[76.418,0],[-1.991,-97.274],[-76.416,0.518],[2.266,94.727]],"o":[[-76.418,0],[2,97.727],[80.633,-0.547],[-2.399,-100.314]],"v":[[-35,-170.273],[-185.367,-4],[-32,159.273],[116.367,-10]],"c":true}]},{"i":{"x":0.833,"y":0.833},"o":{"x":0.167,"y":0.167},"n":"0p833_0p833_0p167_0p167","t":25,"s":[{"i":[[76.418,0],[-1.991,-97.274],[-76.416,0.518],[2.266,94.727]],"o":[[-76.418,0],[2,97.727],[80.633,-0.547],[-2.399,-100.314]],"v":[[-35,-170.273],[-185.367,-4],[-32,159.273],[116.367,-10]],"c":true}],"e":[{"i":[[76.418,0],[0,-100.273],[-76.416,0.518],[2.777,94.713]],"o":[[-76.418,0],[0,97.747],[80.633,-0.547],[-2.734,-93.273]],"v":[[-35,-169.273],[-169.367,2],[-30,177.273],[100.367,-6]],"c":true}]},{"i":{"x":0.759,"y":1},"o":{"x":0.167,"y":0.167},"n":"0p759_1_0p167_0p167","t":26,"s":[{"i":[[76.418,0],[0,-100.273],[-76.416,0.518],[2.777,94.713]],"o":[[-76.418,0],[0,97.747],[80.633,-0.547],[-2.734,-93.273]],"v":[[-35,-169.273],[-169.367,2],[-30,177.273],[100.367,-6]],"c":true}],"e":[{"i":[[76.418,0],[0,-100.273],[-76.416,0.518],[2.777,94.713]],"o":[[-76.418,0],[0,97.747],[80.633,-0.547],[-2.734,-93.273]],"v":[[-35,-169.273],[-169.367,2],[-30,177.273],[100.367,-6]],"c":true}]},{"i":{"x":0.833,"y":0.833},"o":{"x":0.072,"y":0},"n":"0p833_0p833_0p072_0","t":42,"s":[{"i":[[76.418,0],[0,-100.273],[-76.416,0.518],[2.777,94.713]],"o":[[-76.418,0],[0,97.747],[80.633,-0.547],[-2.734,-93.273]],"v":[[-35,-169.273],[-169.367,2],[-30,177.273],[100.367,-6]],"c":true}],"e":[{"i":[[78.507,-2.638],[4.25,-71.509],[-112.351,-2.896],[2.014,54.854]],"o":[[-73.853,2.481],[-0.369,53.821],[92.67,2.389],[-3.975,-67.06]],"v":[[-33.514,-151.755],[-175.617,-17.764],[-34.037,146.338],[104.608,-13.213]],"c":true}]},{"i":{"x":0.916,"y":0.998},"o":{"x":0.213,"y":0.213},"n":"0p916_0p998_0p213_0p213","t":45,"s":[{"i":[[78.507,-2.638],[4.25,-71.509],[-112.351,-2.896],[2.014,54.854]],"o":[[-73.853,2.481],[-0.369,53.821],[92.67,2.389],[-3.975,-67.06]],"v":[[-33.514,-151.755],[-175.617,-17.764],[-34.037,146.338],[104.608,-13.213]],"c":true}],"e":[{"i":[[80.633,2],[2,-29.273],[-76.416,0.518],[1.266,15.727]],"o":[[-76.395,-1.895],[-0.731,10.702],[80.633,-0.547],[-2.192,-27.24]],"v":[[-38,-57.273],[-223.367,-55],[-38,-24.727],[152.367,-52]],"c":true}]},{"t":49}],"ix":2},"nm":"Path 1","mn":"ADBE Vector Shape - Group","hd":false},{"ty":"st","c":{"a":0,"k":[0.196078431373,0.082352941176,0.047058823529,1],"ix":3},"o":{"a":0,"k":100,"ix":4},"w":{"a":0,"k":45,"ix":5},"lc":2,"lj":2,"nm":"Stroke 1","mn":"ADBE Vector Graphic - Stroke","hd":false},{"ty":"tr","p":{"a":0,"k":[38.367,253.273],"ix":2},"a":{"a":0,"k":[0,0],"ix":1},"s":{"a":0,"k":[100,100],"ix":3},"r":{"a":0,"k":0,"ix":6},"o":{"a":0,"k":100,"ix":7},"sk":{"a":0,"k":0,"ix":4},"sa":{"a":0,"k":0,"ix":5},"nm":"Transform"}],"nm":"Ellipse 1","np":2,"cix":2,"ix":1,"mn":"ADBE Vector Group","hd":false}],"ip":0,"op":68,"st":0,"bm":0},{"ddd":0,"ind":5,"ty":4,"nm":"Mouth_Circle Fill","sr":1,"ks":{"o":{"a":1,"k":[{"i":{"x":[0.833],"y":[0.833]},"o":{"x":[0.167],"y":[0.167]},"n":["0p833_0p833_0p167_0p167"],"t":12,"s":[0],"e":[100]},{"i":{"x":[0.833],"y":[0.833]},"o":{"x":[0.167],"y":[0.167]},"n":["0p833_0p833_0p167_0p167"],"t":13,"s":[100],"e":[100]},{"i":{"x":[0.833],"y":[0.833]},"o":{"x":[0.167],"y":[0.167]},"n":["0p833_0p833_0p167_0p167"],"t":23,"s":[100],"e":[100]},{"i":{"x":[0.833],"y":[0.833]},"o":{"x":[0.167],"y":[0.167]},"n":["0p833_0p833_0p167_0p167"],"t":49,"s":[100],"e":[0]},{"t":50}],"ix":11},"r":{"a":0,"k":0,"ix":10},"p":{"a":0,"k":[540,540,0],"ix":2},"a":{"a":0,"k":[0,0,0],"ix":1},"s":{"a":0,"k":[100,100,100],"ix":6}},"ao":0,"shapes":[{"ty":"gr","it":[{"ind":0,"ty":"sh","ix":1,"ks":{"a":1,"k":[{"i":{"x":0.833,"y":0.833},"o":{"x":0.167,"y":0.167},"n":"0p833_0p833_0p167_0p167","t":13,"s":[{"i":[[80.633,2],[2,-29.273],[-76.417,0.518],[1.266,15.727]],"o":[[-76.395,-1.895],[-0.731,10.702],[80.633,-0.547],[-2.192,-27.24]],"v":[[-33,-98.273],[-223.367,-73],[-31,-68.727],[152.367,-76]],"c":true}],"e":[{"i":[[79.79,1.6],[-1.933,-29.74],[-76.416,0.518],[1.466,36.193]],"o":[[-76.399,-1.516],[-1.933,18.26],[80.633,-0.547],[-1.868,-30.807]],"v":[[-42.4,-109.34],[-218.434,-66.533],[-43.867,-43.127],[144.501,-75.467]],"c":true}]},{"i":{"x":0.833,"y":0.833},"o":{"x":0.167,"y":0.167},"n":"0p833_0p833_0p167_0p167","t":14,"s":[{"i":[[79.79,1.6],[-1.933,-29.74],[-76.416,0.518],[1.466,36.193]],"o":[[-76.399,-1.516],[-1.933,18.26],[80.633,-0.547],[-1.868,-30.807]],"v":[[-42.4,-109.34],[-218.434,-66.533],[-43.867,-43.127],[144.501,-75.467]],"c":true}],"e":[{"i":[[78.947,1.2],[-1.164,-49.907],[-76.416,0.518],[1.666,56.66]],"o":[[-76.404,-1.137],[-0.867,59.293],[80.633,-0.547],[-2.092,-50.946]],"v":[[-35.3,-131.907],[-200.001,-51.567],[-40.733,23.473],[132.134,-54.933]],"c":true}]},{"i":{"x":0.833,"y":0.833},"o":{"x":0.167,"y":0.167},"n":"0p833_0p833_0p167_0p167","t":15,"s":[{"i":[[78.947,1.2],[-1.164,-49.907],[-76.416,0.518],[1.666,56.66]],"o":[[-76.404,-1.137],[-0.867,59.293],[80.633,-0.547],[-2.092,-50.946]],"v":[[-35.3,-131.907],[-200.001,-51.567],[-40.733,23.473],[132.134,-54.933]],"c":true}],"e":[{"i":[[78.104,0.8],[-0.394,-70.074],[-76.416,0.518],[1.866,77.127]],"o":[[-76.409,-0.758],[0.2,100.327],[80.633,-0.547],[-2.316,-71.085]],"v":[[-34.2,-170.473],[-169.567,-26.6],[-27.6,134.073],[101.767,-26.4]],"c":true}]},{"i":{"x":0.833,"y":0.833},"o":{"x":0.167,"y":0.167},"n":"0p833_0p833_0p167_0p167","t":16,"s":[{"i":[[78.104,0.8],[-0.394,-70.074],[-76.416,0.518],[1.866,77.127]],"o":[[-76.409,-0.758],[0.2,100.327],[80.633,-0.547],[-2.316,-71.085]],"v":[[-34.2,-170.473],[-169.567,-26.6],[-27.6,134.073],[101.767,-26.4]],"c":true}],"e":[{"i":[[81.233,0.1],[-1.193,-83.674],[-91.567,-1.947],[3.566,116.927]],"o":[[-86.823,-0.107],[1.1,99.027],[80.616,1.714],[-2.358,-85.7]],"v":[[-35.6,-169.373],[-179.467,19.7],[-31.8,201.673],[109.067,3.8]],"c":true}]},{"i":{"x":0.833,"y":0.833},"o":{"x":0.167,"y":0.167},"n":"0p833_0p833_0p167_0p167","t":17,"s":[{"i":[[81.233,0.1],[-1.193,-83.674],[-91.567,-1.947],[3.566,116.927]],"o":[[-86.823,-0.107],[1.1,99.027],[80.616,1.714],[-2.358,-85.7]],"v":[[-35.6,-169.373],[-179.467,19.7],[-31.8,201.673],[109.067,3.8]],"c":true}],"e":[{"i":[[76.418,0],[-1.991,-97.274],[-76.416,0.518],[2.266,94.727]],"o":[[-76.418,0],[2,97.727],[80.633,-0.547],[-2.399,-100.314]],"v":[[-35,-170.273],[-185.367,-4],[-32,159.273],[116.367,-10]],"c":true}]},{"i":{"x":0.833,"y":0.833},"o":{"x":0.167,"y":0.167},"n":"0p833_0p833_0p167_0p167","t":18,"s":[{"i":[[76.418,0],[-1.991,-97.274],[-76.416,0.518],[2.266,94.727]],"o":[[-76.418,0],[2,97.727],[80.633,-0.547],[-2.399,-100.314]],"v":[[-35,-170.273],[-185.367,-4],[-32,159.273],[116.367,-10]],"c":true}],"e":[{"i":[[70.025,0.5],[-1.991,-97.274],[-79.367,-0.047],[1.483,94.739]],"o":[[-76.413,-0.6],[2,97.727],[76.148,0.045],[-1.567,-99.794]],"v":[[-35,-170.273],[-194.867,-13],[-28,129.773],[122.867,-20]],"c":true}]},{"i":{"x":0.833,"y":0.833},"o":{"x":0.167,"y":0.167},"n":"0p833_0p833_0p167_0p167","t":19,"s":[{"i":[[70.025,0.5],[-1.991,-97.274],[-79.367,-0.047],[1.483,94.739]],"o":[[-76.413,-0.6],[2,97.727],[76.148,0.045],[-1.567,-99.794]],"v":[[-35,-170.273],[-194.867,-13],[-28,129.773],[122.867,-20]],"c":true}],"e":[{"i":[[63.633,1],[-1.991,-97.274],[-76.37,2.715],[0.701,94.751]],"o":[[-76.409,-1.201],[2,97.727],[71.633,-2.547],[-0.734,-99.273]],"v":[[-35,-170.273],[-198.367,-20],[-26,120.273],[129.367,-30]],"c":true}]},{"i":{"x":0.833,"y":0.833},"o":{"x":0.167,"y":0.167},"n":"0p833_0p833_0p167_0p167","t":20,"s":[{"i":[[63.633,1],[-1.991,-97.274],[-76.37,2.715],[0.701,94.751]],"o":[[-76.409,-1.201],[2,97.727],[71.633,-2.547],[-0.734,-99.273]],"v":[[-35,-170.273],[-198.367,-20],[-26,120.273],[129.367,-30]],"c":true}],"e":[{"i":[[67.894,0.667],[-1.991,-97.274],[-71.367,1.953],[1.222,94.743]],"o":[[-76.412,-0.801],[2,97.727],[74.629,-2.042],[-1.289,-99.62]],"v":[[-35,-170.273],[-191.034,-10.667],[-29,135.773],[121.534,-17.833]],"c":true}]},{"i":{"x":0.833,"y":0.833},"o":{"x":0.167,"y":0.167},"n":"0p833_0p833_0p167_0p167","t":21,"s":[{"i":[[67.894,0.667],[-1.991,-97.274],[-71.367,1.953],[1.222,94.743]],"o":[[-76.412,-0.801],[2,97.727],[74.629,-2.042],[-1.289,-99.62]],"v":[[-35,-170.273],[-191.034,-10.667],[-29,135.773],[121.534,-17.833]],"c":true}],"e":[{"i":[[72.156,0.333],[-1.991,-97.274],[-76.401,1.251],[1.744,94.735]],"o":[[-76.415,-0.4],[2,97.727],[77.633,-1.214],[-1.844,-99.967]],"v":[[-35,-170.273],[-169.701,12.667],[-30,189.273],[99.701,0.333]],"c":true}]},{"i":{"x":0.833,"y":0.833},"o":{"x":0.167,"y":0.167},"n":"0p833_0p833_0p167_0p167","t":22,"s":[{"i":[[72.156,0.333],[-1.991,-97.274],[-76.401,1.251],[1.744,94.735]],"o":[[-76.415,-0.4],[2,97.727],[77.633,-1.214],[-1.844,-99.967]],"v":[[-35,-170.273],[-169.701,12.667],[-30,189.273],[99.701,0.333]],"c":true}],"e":[{"i":[[76.418,0],[-1.991,-97.274],[-76.416,0.518],[2.266,94.727]],"o":[[-76.418,0],[2,97.727],[80.633,-0.547],[-2.399,-100.314]],"v":[[-35,-170.273],[-185.367,-4],[-32,159.273],[116.367,-10]],"c":true}]},{"i":{"x":0.833,"y":0.833},"o":{"x":0.167,"y":0.167},"n":"0p833_0p833_0p167_0p167","t":23,"s":[{"i":[[76.418,0],[-1.991,-97.274],[-76.416,0.518],[2.266,94.727]],"o":[[-76.418,0],[2,97.727],[80.633,-0.547],[-2.399,-100.314]],"v":[[-35,-170.273],[-185.367,-4],[-32,159.273],[116.367,-10]],"c":true}],"e":[{"i":[[76.418,0],[-1.991,-97.274],[-76.416,0.518],[2.266,94.727]],"o":[[-76.418,0],[2,97.727],[80.633,-0.547],[-2.399,-100.314]],"v":[[-35,-170.273],[-191.367,-8],[-30,148.273],[123.367,-14]],"c":true}]},{"i":{"x":0.833,"y":0.833},"o":{"x":0.167,"y":0.167},"n":"0p833_0p833_0p167_0p167","t":24,"s":[{"i":[[76.418,0],[-1.991,-97.274],[-76.416,0.518],[2.266,94.727]],"o":[[-76.418,0],[2,97.727],[80.633,-0.547],[-2.399,-100.314]],"v":[[-35,-170.273],[-191.367,-8],[-30,148.273],[123.367,-14]],"c":true}],"e":[{"i":[[76.418,0],[-1.991,-97.274],[-76.416,0.518],[2.266,94.727]],"o":[[-76.418,0],[2,97.727],[80.633,-0.547],[-2.399,-100.314]],"v":[[-35,-170.273],[-185.367,-4],[-32,159.273],[116.367,-10]],"c":true}]},{"i":{"x":0.833,"y":0.833},"o":{"x":0.167,"y":0.167},"n":"0p833_0p833_0p167_0p167","t":25,"s":[{"i":[[76.418,0],[-1.991,-97.274],[-76.416,0.518],[2.266,94.727]],"o":[[-76.418,0],[2,97.727],[80.633,-0.547],[-2.399,-100.314]],"v":[[-35,-170.273],[-185.367,-4],[-32,159.273],[116.367,-10]],"c":true}],"e":[{"i":[[76.418,0],[0,-100.273],[-76.416,0.518],[2.777,94.713]],"o":[[-76.418,0],[0,97.747],[80.633,-0.547],[-2.734,-93.273]],"v":[[-35,-169.273],[-169.367,2],[-30,177.273],[100.367,-6]],"c":true}]},{"i":{"x":0.759,"y":1},"o":{"x":0.167,"y":0.167},"n":"0p759_1_0p167_0p167","t":26,"s":[{"i":[[76.418,0],[0,-100.273],[-76.416,0.518],[2.777,94.713]],"o":[[-76.418,0],[0,97.747],[80.633,-0.547],[-2.734,-93.273]],"v":[[-35,-169.273],[-169.367,2],[-30,177.273],[100.367,-6]],"c":true}],"e":[{"i":[[76.418,0],[0,-100.273],[-76.416,0.518],[2.777,94.713]],"o":[[-76.418,0],[0,97.747],[80.633,-0.547],[-2.734,-93.273]],"v":[[-35,-169.273],[-169.367,2],[-30,177.273],[100.367,-6]],"c":true}]},{"i":{"x":0.833,"y":0.833},"o":{"x":0.072,"y":0},"n":"0p833_0p833_0p072_0","t":42,"s":[{"i":[[76.418,0],[0,-100.273],[-76.416,0.518],[2.777,94.713]],"o":[[-76.418,0],[0,97.747],[80.633,-0.547],[-2.734,-93.273]],"v":[[-35,-169.273],[-169.367,2],[-30,177.273],[100.367,-6]],"c":true}],"e":[{"i":[[78.507,-2.638],[4.25,-71.509],[-112.351,-2.896],[2.014,54.854]],"o":[[-73.853,2.481],[-0.369,53.821],[92.67,2.389],[-3.975,-67.06]],"v":[[-33.514,-151.755],[-175.617,-17.764],[-34.037,146.338],[104.608,-13.213]],"c":true}]},{"i":{"x":0.916,"y":0.998},"o":{"x":0.213,"y":0.213},"n":"0p916_0p998_0p213_0p213","t":45,"s":[{"i":[[78.507,-2.638],[4.25,-71.509],[-112.351,-2.896],[2.014,54.854]],"o":[[-73.853,2.481],[-0.369,53.821],[92.67,2.389],[-3.975,-67.06]],"v":[[-33.514,-151.755],[-175.617,-17.764],[-34.037,146.338],[104.608,-13.213]],"c":true}],"e":[{"i":[[80.633,2],[2,-29.273],[-76.416,0.518],[1.266,15.727]],"o":[[-76.395,-1.895],[-0.731,10.702],[80.633,-0.547],[-2.192,-27.24]],"v":[[-38,-57.273],[-223.367,-55],[-38,-24.727],[152.367,-52]],"c":true}]},{"t":49}],"ix":2},"nm":"Path 1","mn":"ADBE Vector Shape - Group","hd":false},{"ty":"fl","c":{"a":0,"k":[1,1,1,1],"ix":4},"o":{"a":0,"k":100,"ix":5},"r":1,"nm":"Fill 1","mn":"ADBE Vector Graphic - Fill","hd":false},{"ty":"tr","p":{"a":0,"k":[38.367,253.273],"ix":2},"a":{"a":0,"k":[0,0],"ix":1},"s":{"a":0,"k":[100,100],"ix":3},"r":{"a":0,"k":0,"ix":6},"o":{"a":0,"k":100,"ix":7},"sk":{"a":0,"k":0,"ix":4},"sa":{"a":0,"k":0,"ix":5},"nm":"Transform"}],"nm":"Ellipse 1","np":2,"cix":2,"ix":1,"mn":"ADBE Vector Group","hd":false}],"ip":0,"op":68,"st":0,"bm":0},{"ddd":0,"ind":6,"ty":4,"nm":"mouth_Line","sr":1,"ks":{"o":{"a":1,"k":[{"i":{"x":[0.833],"y":[0.833]},"o":{"x":[0.167],"y":[0.167]},"n":["0p833_0p833_0p167_0p167"],"t":12,"s":[100],"e":[0]},{"i":{"x":[0.833],"y":[0.833]},"o":{"x":[0.167],"y":[0.167]},"n":["0p833_0p833_0p167_0p167"],"t":13,"s":[0],"e":[0]},{"i":{"x":[0.833],"y":[0.833]},"o":{"x":[0.167],"y":[0.167]},"n":["0p833_0p833_0p167_0p167"],"t":49,"s":[0],"e":[100]},{"t":50}],"ix":11},"r":{"a":0,"k":0,"ix":10},"p":{"a":0,"k":[540,769.976,0],"ix":2},"a":{"a":0,"k":[0,247.976,0],"ix":1},"s":{"a":0,"k":[100,100,100],"ix":6}},"ao":0,"shapes":[{"ty":"gr","it":[{"ind":0,"ty":"sh","ix":1,"ks":{"a":1,"k":[{"i":{"x":0.833,"y":0.833},"o":{"x":0.167,"y":0.167},"n":"0p833_0p833_0p167_0p167","t":6,"s":[{"i":[[0,0],[116.671,-2.184],[29.136,24.454]],"o":[[-37.988,30.26],[-84.318,1.579],[0,0]],"v":[[213.988,188.74],[1.329,244.184],[-207.136,189.546]],"c":false}],"e":[{"i":[[0,0],[86.671,-1.184],[54.136,-9.546]],"o":[[-41.988,-9.74],[-53.325,0.729],[0,0]],"v":[[213.988,188.74],[-2.671,173.184],[-208.136,187.546]],"c":false}]},{"i":{"x":0.833,"y":0.833},"o":{"x":0.167,"y":0.167},"n":"0p833_0p833_0p167_0p167","t":8,"s":[{"i":[[0,0],[86.671,-1.184],[54.136,-9.546]],"o":[[-41.988,-9.74],[-53.325,0.729],[0,0]],"v":[[213.988,188.74],[-2.671,173.184],[-208.136,187.546]],"c":false}],"e":[{"i":[[0,0],[50.665,-1.409],[46.136,-9.546]],"o":[[-41.988,-9.74],[-29.329,0.816],[0,0]],"v":[[213.988,188.74],[-2.671,173.184],[-208.136,187.546]],"c":false}]},{"i":{"x":0.833,"y":0.833},"o":{"x":0.167,"y":0.167},"n":"0p833_0p833_0p167_0p167","t":13,"s":[{"i":[[0,0],[50.665,-1.409],[46.136,-9.546]],"o":[[-41.988,-9.74],[-29.329,0.816],[0,0]],"v":[[213.988,188.74],[-2.671,173.184],[-208.136,187.546]],"c":false}],"e":[{"i":[[0,0],[116.671,-2.184],[29.136,24.454]],"o":[[-37.988,30.26],[-84.318,1.579],[0,0]],"v":[[213.988,188.74],[1.329,244.184],[-207.136,189.546]],"c":false}]},{"t":50}],"ix":2},"nm":"Path 1","mn":"ADBE Vector Shape - Group","hd":false},{"ty":"st","c":{"a":0,"k":[0,0,0,1],"ix":3},"o":{"a":0,"k":100,"ix":4},"w":{"a":0,"k":53.999,"ix":5},"lc":2,"lj":1,"ml":4,"nm":"Stroke 1","mn":"ADBE Vector Graphic - Stroke","hd":false},{"ty":"tr","p":{"a":0,"k":[0,0],"ix":2},"a":{"a":0,"k":[0,0],"ix":1},"s":{"a":0,"k":[100,100],"ix":3},"r":{"a":0,"k":0,"ix":6},"o":{"a":0,"k":100,"ix":7},"sk":{"a":0,"k":0,"ix":4},"sa":{"a":0,"k":0,"ix":5},"nm":"Transform"}],"nm":"mouth","np":2,"cix":2,"ix":1,"mn":"ADBE Vector Group","hd":false}],"ip":0,"op":68,"st":0,"bm":0},{"ddd":0,"ind":7,"ty":4,"nm":"Highlight","sr":1,"ks":{"o":{"a":0,"k":100,"ix":11},"r":{"a":0,"k":0,"ix":10},"p":{"a":0,"k":[546.526,822.181,0],"ix":2},"a":{"a":0,"k":[6.526,300.181,0],"ix":1},"s":{"a":0,"k":[100,100,100],"ix":6}},"ao":0,"shapes":[{"ty":"gr","it":[{"ind":0,"ty":"sh","ix":1,"ks":{"a":1,"k":[{"i":{"x":0.833,"y":0.833},"o":{"x":0.167,"y":0.167},"n":"0p833_0p833_0p167_0p167","t":6,"s":[{"i":[[0,0],[-108.662,1.214],[-22.852,27.397]],"o":[[0,0],[119.333,-1.333],[0,0]],"v":[[-203.33,192.74],[-3.333,282.333],[209.852,192.603]],"c":false}],"e":[{"i":[[0,0],[-108.662,1.214],[-31.852,22.397]],"o":[[0,0],[119.333,-1.333],[0,0]],"v":[[-202.33,196.74],[-7.333,225.333],[212.852,192.603]],"c":false}]},{"i":{"x":0.833,"y":0.833},"o":{"x":0.167,"y":0.167},"n":"0p833_0p833_0p167_0p167","t":8,"s":[{"i":[[0,0],[-108.662,1.214],[-31.852,22.397]],"o":[[0,0],[119.333,-1.333],[0,0]],"v":[[-202.33,196.74],[-7.333,225.333],[212.852,192.603]],"c":false}],"e":[{"i":[[0,0],[-108.662,1.214],[-31.852,22.397]],"o":[[0,0],[119.333,-1.333],[0,0]],"v":[[-202.33,196.74],[-7.333,225.333],[212.852,192.603]],"c":false}]},{"i":{"x":0.833,"y":0.833},"o":{"x":0.167,"y":0.167},"n":"0p833_0p833_0p167_0p167","t":12,"s":[{"i":[[0,0],[-108.662,1.214],[-31.852,22.397]],"o":[[0,0],[119.333,-1.333],[0,0]],"v":[[-202.33,196.74],[-7.333,225.333],[212.852,192.603]],"c":false}],"e":[{"i":[[0,0],[-107.926,-0.826],[-40.664,28.663]],"o":[[0,0],[106.068,0.574],[0,0]],"v":[[-166.603,194.978],[-3.572,247.6],[183.164,193.837]],"c":false}]},{"i":{"x":0.833,"y":0.833},"o":{"x":0.167,"y":0.167},"n":"0p833_0p833_0p167_0p167","t":13,"s":[{"i":[[0,0],[-107.926,-0.826],[-40.664,28.663]],"o":[[0,0],[106.068,0.574],[0,0]],"v":[[-166.603,194.978],[-3.572,247.6],[183.164,193.837]],"c":false}],"e":[{"i":[[0,0],[-107.189,-2.867],[-49.476,34.93]],"o":[[0,0],[92.802,2.482],[0,0]],"v":[[-158.877,207.217],[0.189,269.867],[177.476,207.07]],"c":false}]},{"i":{"x":0.833,"y":0.833},"o":{"x":0.167,"y":0.167},"n":"0p833_0p833_0p167_0p167","t":14,"s":[{"i":[[0,0],[-107.189,-2.867],[-49.476,34.93]],"o":[[0,0],[92.802,2.482],[0,0]],"v":[[-158.877,207.217],[0.189,269.867],[177.476,207.07]],"c":false}],"e":[{"i":[[0,0],[-121.951,2.867],[-14.989,45.197]],"o":[[0,0],[108.04,-2.54],[0,0]],"v":[[-155.151,221.455],[3.951,331.133],[162.789,212.803]],"c":false}]},{"i":{"x":0.833,"y":0.833},"o":{"x":0.167,"y":0.167},"n":"0p833_0p833_0p167_0p167","t":15,"s":[{"i":[[0,0],[-121.951,2.867],[-14.989,45.197]],"o":[[0,0],[108.04,-2.54],[0,0]],"v":[[-155.151,221.455],[3.951,331.133],[162.789,212.803]],"c":false}],"e":[{"i":[[0,0],[-152.14,-0.333],[-3.747,60.397]],"o":[[0,0],[138.86,0.304],[0,0]],"v":[[-133.698,321.266],[3.14,503.333],[142.747,319.603]],"c":false}]},{"i":{"x":0.833,"y":0.833},"o":{"x":0.167,"y":0.167},"n":"0p833_0p833_0p167_0p167","t":17,"s":[{"i":[[0,0],[-152.14,-0.333],[-3.747,60.397]],"o":[[0,0],[138.86,0.304],[0,0]],"v":[[-133.698,321.266],[3.14,503.333],[142.747,319.603]],"c":false}],"e":[{"i":[[0,0],[-148.251,-0.333],[-4.413,60.285]],"o":[[0,0],[136.691,0.308],[0,0]],"v":[[-132.365,319.044],[7.029,481.333],[146.08,297.381]],"c":false}]},{"i":{"x":0.833,"y":0.833},"o":{"x":0.167,"y":0.167},"n":"0p833_0p833_0p167_0p167","t":18,"s":[{"i":[[0,0],[-148.251,-0.333],[-4.413,60.285]],"o":[[0,0],[136.691,0.308],[0,0]],"v":[[-132.365,319.044],[7.029,481.333],[146.08,297.381]],"c":false}],"e":[{"i":[[0,0],[-138.029,-2.083],[-5.08,60.174]],"o":[[0,0],[118.944,1.672],[0,0]],"v":[[-147.031,283.821],[2.418,447.583],[158.913,275.409]],"c":false}]},{"i":{"x":0.833,"y":0.833},"o":{"x":0.167,"y":0.167},"n":"0p833_0p833_0p167_0p167","t":19,"s":[{"i":[[0,0],[-138.029,-2.083],[-5.08,60.174]],"o":[[0,0],[118.944,1.672],[0,0]],"v":[[-147.031,283.821],[2.418,447.583],[158.913,275.409]],"c":false}],"e":[{"i":[[0,0],[-127.807,-3.833],[-5.747,60.063]],"o":[[0,0],[101.197,3.035],[0,0]],"v":[[-129.698,314.599],[3.807,429.833],[145.747,297.437]],"c":false}]},{"i":{"x":0.833,"y":0.833},"o":{"x":0.167,"y":0.167},"n":"0p833_0p833_0p167_0p167","t":20,"s":[{"i":[[0,0],[-127.807,-3.833],[-5.747,60.063]],"o":[[0,0],[101.197,3.035],[0,0]],"v":[[-129.698,314.599],[3.807,429.833],[145.747,297.437]],"c":false}],"e":[{"i":[[0,0],[-126.029,-3.25],[-5.747,64.952]],"o":[[0,0],[104.221,2.586],[0,0]],"v":[[-146.365,283.377],[4.529,444.083],[156.747,276.298]],"c":false}]},{"i":{"x":0.833,"y":0.833},"o":{"x":0.167,"y":0.167},"n":"0p833_0p833_0p167_0p167","t":21,"s":[{"i":[[0,0],[-126.029,-3.25],[-5.747,64.952]],"o":[[0,0],[104.221,2.586],[0,0]],"v":[[-146.365,283.377],[4.529,444.083],[156.747,276.298]],"c":false}],"e":[{"i":[[0,0],[-124.251,-2.667],[-5.747,69.841]],"o":[[0,0],[107.245,2.137],[0,0]],"v":[[-127.031,310.155],[3.251,482.333],[135.747,297.159]],"c":false}]},{"i":{"x":0.833,"y":0.833},"o":{"x":0.167,"y":0.167},"n":"0p833_0p833_0p167_0p167","t":22,"s":[{"i":[[0,0],[-124.251,-2.667],[-5.747,69.841]],"o":[[0,0],[107.245,2.137],[0,0]],"v":[[-127.031,310.155],[3.251,482.333],[135.747,297.159]],"c":false}],"e":[{"i":[[0,0],[-122.474,-2.083],[-6.747,67.23]],"o":[[0,0],[110.269,1.687],[0,0]],"v":[[-125.698,307.933],[4.974,466.583],[135.997,293.27]],"c":false}]},{"i":{"x":0.833,"y":0.833},"o":{"x":0.167,"y":0.167},"n":"0p833_0p833_0p167_0p167","t":23,"s":[{"i":[[0,0],[-122.474,-2.083],[-6.747,67.23]],"o":[[0,0],[110.269,1.687],[0,0]],"v":[[-125.698,307.933],[4.974,466.583],[135.997,293.27]],"c":false}],"e":[{"i":[[0,0],[-120.696,-1.5],[-7.747,64.619]],"o":[[0,0],[113.293,1.238],[0,0]],"v":[[-133.365,305.71],[5.029,456.833],[140.247,290.381]],"c":false}]},{"i":{"x":0.833,"y":0.833},"o":{"x":0.167,"y":0.167},"n":"0p833_0p833_0p167_0p167","t":24,"s":[{"i":[[0,0],[-120.696,-1.5],[-7.747,64.619]],"o":[[0,0],[113.293,1.238],[0,0]],"v":[[-133.365,305.71],[5.029,456.833],[140.247,290.381]],"c":false}],"e":[{"i":[[0,0],[-117.14,-0.333],[-9.747,59.397]],"o":[[0,0],[119.34,0.34],[0,0]],"v":[[-121.698,301.266],[2.14,467.333],[136.747,281.603]],"c":false}]},{"i":{"x":0.833,"y":0.833},"o":{"x":0.167,"y":0.167},"n":"0p833_0p833_0p167_0p167","t":26,"s":[{"i":[[0,0],[-117.14,-0.333],[-9.747,59.397]],"o":[[0,0],[119.34,0.34],[0,0]],"v":[[-121.698,301.266],[2.14,467.333],[136.747,281.603]],"c":false}],"e":[{"i":[[0,0],[-117.14,-0.333],[-9.747,59.397]],"o":[[0,0],[119.34,0.34],[0,0]],"v":[[-121.698,301.266],[2.14,467.333],[136.747,281.603]],"c":false}]},{"i":{"x":0.833,"y":0.833},"o":{"x":0.167,"y":0.167},"n":"0p833_0p833_0p167_0p167","t":42,"s":[{"i":[[0,0],[-117.14,-0.333],[-9.747,59.397]],"o":[[0,0],[119.34,0.34],[0,0]],"v":[[-121.698,301.266],[2.14,467.333],[136.747,281.603]],"c":false}],"e":[{"i":[[0,0],[-117.14,-0.333],[-9.747,59.397]],"o":[[0,0],[119.34,0.34],[0,0]],"v":[[-121.698,301.266],[2.14,467.333],[136.747,281.603]],"c":false}]},{"i":{"x":0.833,"y":0.833},"o":{"x":0.167,"y":0.167},"n":"0p833_0p833_0p167_0p167","t":43,"s":[{"i":[[0,0],[-117.14,-0.333],[-9.747,59.397]],"o":[[0,0],[119.34,0.34],[0,0]],"v":[[-121.698,301.266],[2.14,467.333],[136.747,281.603]],"c":false}],"e":[{"i":[[0,0],[-113.961,0.247],[-6.161,48.772]],"o":[[0,0],[119.338,-0.288],[0,0]],"v":[[-136.31,267.569],[3.088,432.958],[144.161,256.228]],"c":false}]},{"i":{"x":0.833,"y":0.833},"o":{"x":0.167,"y":0.167},"n":"0p833_0p833_0p167_0p167","t":45,"s":[{"i":[[0,0],[-113.961,0.247],[-6.161,48.772]],"o":[[0,0],[119.338,-0.288],[0,0]],"v":[[-136.31,267.569],[3.088,432.958],[144.161,256.228]],"c":false}],"e":[{"i":[[0,0],[-123.216,2.572],[-25.576,35.947]],"o":[[0,0],[123.765,-2.583],[0,0]],"v":[[-169.522,224.671],[0.235,315.583],[176.576,230.053]],"c":false}]},{"i":{"x":0.833,"y":0.833},"o":{"x":0.167,"y":0.167},"n":"0p833_0p833_0p167_0p167","t":48,"s":[{"i":[[0,0],[-123.216,2.572],[-25.576,35.947]],"o":[[0,0],[123.765,-2.583],[0,0]],"v":[[-169.522,224.671],[0.235,315.583],[176.576,230.053]],"c":false}],"e":[{"i":[[0,0],[-115.939,1.893],[-24.214,31.672]],"o":[[0,0],[121.549,-1.958],[0,0]],"v":[[-177.426,216.705],[-1.549,298.958],[186.214,215.328]],"c":false}]},{"i":{"x":0.833,"y":0.833},"o":{"x":0.167,"y":0.167},"n":"0p833_0p833_0p167_0p167","t":49,"s":[{"i":[[0,0],[-115.939,1.893],[-24.214,31.672]],"o":[[0,0],[121.549,-1.958],[0,0]],"v":[[-177.426,216.705],[-1.549,298.958],[186.214,215.328]],"c":false}],"e":[{"i":[[0,0],[-108.662,1.214],[-22.852,27.397]],"o":[[0,0],[119.333,-1.333],[0,0]],"v":[[-203.33,192.74],[-3.333,282.333],[209.852,192.603]],"c":false}]},{"t":50}],"ix":2},"nm":"Path 1","mn":"ADBE Vector Shape - Group","hd":false},{"ty":"st","c":{"a":0,"k":[0.996078431606,0.882352948189,0.329411774874,1],"ix":3},"o":{"a":0,"k":100,"ix":4},"w":{"a":0,"k":53.999,"ix":5},"lc":2,"lj":1,"ml":4,"nm":"Stroke 1","mn":"ADBE Vector Graphic - Stroke","hd":false},{"ty":"tr","p":{"a":0,"k":[0,0],"ix":2},"a":{"a":0,"k":[0,0],"ix":1},"s":{"a":0,"k":[100,100],"ix":3},"r":{"a":0,"k":0,"ix":6},"o":{"a":0,"k":100,"ix":7},"sk":{"a":0,"k":0,"ix":4},"sa":{"a":0,"k":0,"ix":5},"nm":"Transform"}],"nm":"Highlight","np":2,"cix":2,"ix":1,"mn":"ADBE Vector Group","hd":false}],"ip":0,"op":68,"st":0,"bm":0},{"ddd":0,"ind":8,"ty":0,"nm":"Eyes 2","refId":"comp_0","sr":1,"ks":{"o":{"a":0,"k":100,"ix":11},"r":{"a":0,"k":0,"ix":10},"p":{"a":0,"k":[540,540,0],"ix":2},"a":{"a":0,"k":[540,540,0],"ix":1},"s":{"a":0,"k":[100,100,100],"ix":6}},"ao":0,"w":1080,"h":1080,"ip":0,"op":68,"st":0,"bm":0},{"ddd":0,"ind":9,"ty":4,"nm":"head","sr":1,"ks":{"o":{"a":0,"k":100,"ix":11},"r":{"a":0,"k":0,"ix":10},"p":{"a":0,"k":[540,540,0],"ix":2},"a":{"a":0,"k":[0,0,0],"ix":1},"s":{"a":0,"k":[100,100,100],"ix":6}},"ao":0,"shapes":[{"ty":"gr","it":[{"ind":0,"ty":"sh","ix":1,"ks":{"a":0,"k":{"i":[[0,148.95],[105.75,105.3],[148.95,0],[105.75,-105.75],[0,-148.95],[-105.3,-105.3],[-148.95,0],[-105.3,105.3]],"o":[[0,-148.95],[-105.3,-105.75],[-148.95,0],[-105.3,105.3],[0,149.4],[105.75,105.3],[148.95,0],[105.75,-105.75]],"v":[[540,0],[381.375,-381.375],[0,-540],[-382.05,-381.375],[-540,0],[-382.05,382.05],[0,540],[381.375,382.05]],"c":true},"ix":2},"nm":"Path 1","mn":"ADBE Vector Shape - Group","hd":false},{"ty":"fl","c":{"a":0,"k":[0.992156863213,0.803921580315,0.301960796118,1],"ix":4},"o":{"a":0,"k":100,"ix":5},"r":1,"nm":"Fill 1","mn":"ADBE Vector Graphic - Fill","hd":false},{"ty":"tr","p":{"a":0,"k":[0,0],"ix":2},"a":{"a":0,"k":[0,0],"ix":1},"s":{"a":0,"k":[100,100],"ix":3},"r":{"a":0,"k":0,"ix":6},"o":{"a":0,"k":100,"ix":7},"sk":{"a":0,"k":0,"ix":4},"sa":{"a":0,"k":0,"ix":5},"nm":"Transform"}],"nm":"head","np":2,"cix":2,"ix":1,"mn":"ADBE Vector Group","hd":false}],"ip":0,"op":68,"st":0,"bm":0}],"markers":[{"tm":6,"cm":"7","dr":0},{"tm":51,"cm":"8","dr":0},{"tm":52,"cm":"1","dr":0},{"tm":54,"cm":"2","dr":0},{"tm":55,"cm":"3","dr":0},{"tm":57,"cm":"4","dr":0}]}
