[{
    "CampaignId": "0ee6c39f-d08c-40f4-a479-9b59f325b0be",
    "StartTimeUtc": "2019-01-03T00:00:00Z",
    "EndTimeUtc":   "2024-05-15T23:59:59Z",
    "GovernedChannelType": 0,
    "NominationScheme":
    {
        "Type": 0,
        "PercentageNumerator": 28,
        "PercentageDenominator": 100,
        "NominationPeriod":
        {
            "Type": 0,
            "IntervalSeconds": 2592000
        },
        "CooldownPeriod":
        {
            "Type": 0,
            "IntervalSeconds": 7776000
        },
        "FallbackSurveyDurationSeconds": 5184000
    },
    "SurveyTemplate":
    {
        "Type": 0,
        "ActivationEvent":
        {
            "Type": 1,
            "Sequence":
            [{
                "Type": 0,
                "Activity": "AppUsageTime",
                "Count": 300,
                "IsAggregate": true
            },{
                "Type": 0,
                "Activity": "SendMessage",
                "Count": 1,
                "IsAggregate": true
            },{
                "Type": 0,
                "Activity": "FirstLogin",
                "Count": 1,
                "IsAggregate": true
            }]
        }
    }
}]
