{"v":"5.1.20","fr":24,"ip":0,"op":50,"w":1080,"h":1080,"nm":"ANIMATION","ddd":0,"assets":[{"id":"comp_0","layers":[{"ddd":0,"ind":2,"ty":4,"nm":"Eye_Brown_LT","sr":1,"ks":{"o":{"a":0,"k":100,"ix":11},"r":{"a":1,"k":[{"i":{"x":[0.667],"y":[1]},"o":{"x":[0.167],"y":[0.167]},"n":["0p667_1_0p167_0p167"],"t":0,"s":[-1.693],"e":[3.307]},{"i":{"x":[0.667],"y":[1]},"o":{"x":[0.167],"y":[0.167]},"n":["0p667_1_0p167_0p167"],"t":16,"s":[3.307],"e":[-17.693]},{"i":{"x":[0.667],"y":[1]},"o":{"x":[0.333],"y":[0]},"n":["0p667_1_0p333_0"],"t":20,"s":[-17.693],"e":[-13.693]},{"i":{"x":[0.667],"y":[1]},"o":{"x":[0.333],"y":[0]},"n":["0p667_1_0p333_0"],"t":25,"s":[-13.693],"e":[-1.693]},{"t":37}],"ix":10},"p":{"a":1,"k":[{"i":{"x":0.667,"y":0.667},"o":{"x":0.167,"y":0.167},"n":"0p667_0p667_0p167_0p167","t":0,"s":[788,296,0],"e":[788,296,0],"to":[0,0,0],"ti":[0,0,0]},{"i":{"x":0.667,"y":1},"o":{"x":0.167,"y":0.167},"n":"0p667_1_0p167_0p167","t":16,"s":[788,296,0],"e":[827,345,0],"to":[6.5,8.16666698455811,0],"ti":[-6.5,-8.16666698455811,0]},{"i":{"x":0.667,"y":0.667},"o":{"x":0.333,"y":0.333},"n":"0p667_0p667_0p333_0p333","t":20,"s":[827,345,0],"e":[827,345,0],"to":[0,0,0],"ti":[0,0,0]},{"i":{"x":0.667,"y":1},"o":{"x":0.333,"y":0},"n":"0p667_1_0p333_0","t":25,"s":[827,345,0],"e":[788,296,0],"to":[-6.5,-8.16666698455811,0],"ti":[6.5,8.16666698455811,0]},{"t":37}],"ix":2},"a":{"a":0,"k":[-182.658,-299.672,0],"ix":1},"s":{"a":0,"k":[-93.49,98.815,100],"ix":6}},"ao":0,"shapes":[{"ty":"gr","it":[{"ind":0,"ty":"sh","ix":1,"ks":{"a":1,"k":[{"i":{"x":0.065,"y":1},"o":{"x":0.167,"y":0.167},"n":"0p065_1_0p167_0p167","t":0,"s":[{"i":[[0,0],[-47.592,140.491]],"o":[[0,0],[8.825,-26.051]],"v":[[-181.911,-304.228],[5.055,-477.607]],"c":false}],"e":[{"i":[[0,0],[-123.221,122.602]],"o":[[0,0],[19.498,-19.4]],"v":[[-181.911,-304.228],[5.055,-477.607]],"c":false}]},{"i":{"x":0.667,"y":1},"o":{"x":0.167,"y":0.167},"n":"0p667_1_0p167_0p167","t":16,"s":[{"i":[[0,0],[-123.221,122.602]],"o":[[0,0],[19.498,-19.4]],"v":[[-181.911,-304.228],[5.055,-477.607]],"c":false}],"e":[{"i":[[0,0],[-71.192,117.274]],"o":[[0,0],[14.273,-23.512]],"v":[[-181.911,-304.228],[5.055,-477.607]],"c":false}]},{"i":{"x":0.667,"y":1},"o":{"x":0.333,"y":0},"n":"0p667_1_0p333_0","t":20,"s":[{"i":[[0,0],[-71.192,117.274]],"o":[[0,0],[14.273,-23.512]],"v":[[-181.911,-304.228],[5.055,-477.607]],"c":false}],"e":[{"i":[[0,0],[-71.192,117.274]],"o":[[0,0],[14.273,-23.512]],"v":[[-185.743,-345.561],[1.224,-518.94]],"c":false}]},{"i":{"x":0.667,"y":1},"o":{"x":0.333,"y":0},"n":"0p667_1_0p333_0","t":25,"s":[{"i":[[0,0],[-71.192,117.274]],"o":[[0,0],[14.273,-23.512]],"v":[[-185.743,-345.561],[1.224,-518.94]],"c":false}],"e":[{"i":[[0,0],[-47.592,140.491]],"o":[[0,0],[8.825,-26.051]],"v":[[-181.911,-304.228],[5.055,-477.607]],"c":false}]},{"t":37}],"ix":2},"nm":"Path 1","mn":"ADBE Vector Shape - Group","hd":false},{"ty":"st","c":{"a":0,"k":[0.592156887054,0.396078437567,0.215686276555,1],"ix":3},"o":{"a":0,"k":100,"ix":4},"w":{"a":0,"k":33.314,"ix":5},"lc":2,"lj":1,"ml":4,"nm":"Stroke 1","mn":"ADBE Vector Graphic - Stroke","hd":false},{"ty":"tr","p":{"a":0,"k":[0,0],"ix":2},"a":{"a":0,"k":[0,0],"ix":1},"s":{"a":0,"k":[100,100],"ix":3},"r":{"a":0,"k":0,"ix":6},"o":{"a":0,"k":100,"ix":7},"sk":{"a":0,"k":0,"ix":4},"sa":{"a":0,"k":0,"ix":5},"nm":"Transform"}],"nm":"eyebrow1","np":2,"cix":2,"ix":1,"mn":"ADBE Vector Group","hd":false}],"ip":0,"op":50,"st":0,"bm":0}]},{"id":"comp_1","layers":[{"ddd":0,"ind":2,"ty":4,"nm":"EYE_LASH_RT","sr":1,"ks":{"o":{"a":1,"k":[{"i":{"x":[0.667],"y":[1]},"o":{"x":[0.333],"y":[0]},"n":["0p667_1_0p333_0"],"t":17,"s":[0],"e":[50]},{"i":{"x":[0.667],"y":[1]},"o":{"x":[0.333],"y":[0]},"n":["0p667_1_0p333_0"],"t":18,"s":[50],"e":[100]},{"i":{"x":[0.667],"y":[1]},"o":{"x":[0.333],"y":[0]},"n":["0p667_1_0p333_0"],"t":19,"s":[100],"e":[50]},{"i":{"x":[0.833],"y":[1]},"o":{"x":[0.333],"y":[0]},"n":["0p833_1_0p333_0"],"t":20,"s":[50],"e":[0]},{"t":21}],"ix":11},"r":{"a":0,"k":0,"ix":10},"p":{"a":1,"k":[{"i":{"x":0.833,"y":0.833},"o":{"x":0.167,"y":0.167},"n":"0p833_0p833_0p167_0p167","t":17,"s":[540,608,0],"e":[530,597.998,0],"to":[0,5.77327728271484,0],"ti":[0,-15.1193819046021,0]},{"i":{"x":0.833,"y":0.833},"o":{"x":0.167,"y":0.167},"n":"0p833_0p833_0p167_0p167","t":18,"s":[530,597.998,0],"e":[522,636,0],"to":[0,11.0691785812378,0],"ti":[0,0,0]},{"i":{"x":0.833,"y":0.833},"o":{"x":0.167,"y":0.167},"n":"0p833_0p833_0p167_0p167","t":19,"s":[522,636,0],"e":[530,629.998,0],"to":[0,0,0],"ti":[0,-15.1193819046021,0]},{"i":{"x":0.833,"y":0.833},"o":{"x":0.167,"y":0.167},"n":"0p833_0p833_0p167_0p167","t":20,"s":[530,629.998,0],"e":[540,608,0],"to":[0,11.0691785812378,0],"ti":[0,-10,0]},{"t":21}],"ix":2},"a":{"a":0,"k":[0,0,0],"ix":1},"s":{"a":0,"k":[-100,100,100],"ix":6}},"ao":0,"shapes":[{"ty":"gr","it":[{"ind":0,"ty":"sh","ix":1,"ks":{"a":1,"k":[{"i":{"x":0.833,"y":0.833},"o":{"x":0.167,"y":0.167},"n":"0p833_0p833_0p167_0p167","t":17,"s":[{"i":[[0,0],[0,0]],"o":[[0,0],[0,0]],"v":[[-262,-138],[0,-138]],"c":false}],"e":[{"i":[[0,0],[0,0]],"o":[[0,0],[0,0]],"v":[[-252.667,-106],[-20,-104.667]],"c":false}]},{"i":{"x":0.833,"y":0.833},"o":{"x":0.167,"y":0.167},"n":"0p833_0p833_0p167_0p167","t":18,"s":[{"i":[[0,0],[0,0]],"o":[[0,0],[0,0]],"v":[[-252.667,-106],[-20,-104.667]],"c":false}],"e":[{"i":[[0,0],[-96,42]],"o":[[68,28],[106,-56]],"v":[[-260,-116],[-30,-116]],"c":false}]},{"i":{"x":0.833,"y":0.833},"o":{"x":0.167,"y":0.167},"n":"0p833_0p833_0p167_0p167","t":19,"s":[{"i":[[0,0],[-96,42]],"o":[[68,28],[106,-56]],"v":[[-260,-116],[-30,-116]],"c":false}],"e":[{"i":[[0,0],[0,0]],"o":[[0,0],[0,0]],"v":[[-252.667,-134],[-20,-132.667]],"c":false}]},{"i":{"x":0.833,"y":0.833},"o":{"x":0.167,"y":0.167},"n":"0p833_0p833_0p167_0p167","t":20,"s":[{"i":[[0,0],[0,0]],"o":[[0,0],[0,0]],"v":[[-252.667,-134],[-20,-132.667]],"c":false}],"e":[{"i":[[0,0],[0,0]],"o":[[0,0],[0,0]],"v":[[-262,-138],[0,-138]],"c":false}]},{"t":21}],"ix":2},"nm":"Path 1","mn":"ADBE Vector Shape - Group","hd":false},{"ty":"st","c":{"a":0,"k":[0,0,0,1],"ix":3},"o":{"a":0,"k":100,"ix":4},"w":{"a":0,"k":45,"ix":5},"lc":2,"lj":1,"ml":4,"nm":"Stroke 1","mn":"ADBE Vector Graphic - Stroke","hd":false},{"ty":"tr","p":{"a":0,"k":[0,-12],"ix":2},"a":{"a":0,"k":[0,0],"ix":1},"s":{"a":0,"k":[100,100],"ix":3},"r":{"a":0,"k":0,"ix":6},"o":{"a":0,"k":100,"ix":7},"sk":{"a":0,"k":0,"ix":4},"sa":{"a":0,"k":0,"ix":5},"nm":"Transform"}],"nm":"Shape 1","np":3,"cix":2,"ix":1,"mn":"ADBE Vector Group","hd":false}],"ip":0,"op":53,"st":0,"bm":0},{"ddd":0,"ind":3,"ty":4,"nm":"EYE_LASH_LT","sr":1,"ks":{"o":{"a":1,"k":[{"i":{"x":[0.667],"y":[1]},"o":{"x":[0.333],"y":[0]},"n":["0p667_1_0p333_0"],"t":17,"s":[0],"e":[50]},{"i":{"x":[0.667],"y":[1]},"o":{"x":[0.333],"y":[0]},"n":["0p667_1_0p333_0"],"t":18,"s":[50],"e":[100]},{"i":{"x":[0.667],"y":[1]},"o":{"x":[0.333],"y":[0]},"n":["0p667_1_0p333_0"],"t":19,"s":[100],"e":[50]},{"i":{"x":[0.833],"y":[1]},"o":{"x":[0.333],"y":[0]},"n":["0p833_1_0p333_0"],"t":20,"s":[50],"e":[0]},{"t":21}],"ix":11},"r":{"a":0,"k":0,"ix":10},"p":{"a":1,"k":[{"i":{"x":0.833,"y":0.833},"o":{"x":0.167,"y":0.167},"n":"0p833_0p833_0p167_0p167","t":17,"s":[540,610,0],"e":[540,597.998,0],"to":[0,5.77327728271484,0],"ti":[0,-15.1193819046021,0]},{"i":{"x":0.833,"y":0.833},"o":{"x":0.167,"y":0.167},"n":"0p833_0p833_0p167_0p167","t":18,"s":[540,597.998,0],"e":[538,638,0],"to":[0,11.0691785812378,0],"ti":[0,0,0]},{"i":{"x":0.833,"y":0.833},"o":{"x":0.167,"y":0.167},"n":"0p833_0p833_0p167_0p167","t":19,"s":[538,638,0],"e":[540,631.998,0],"to":[0,0,0],"ti":[0,-15.1193819046021,0]},{"i":{"x":0.833,"y":0.833},"o":{"x":0.167,"y":0.167},"n":"0p833_0p833_0p167_0p167","t":20,"s":[540,631.998,0],"e":[540,610,0],"to":[0,11.0691785812378,0],"ti":[0,-10,0]},{"t":21}],"ix":2},"a":{"a":0,"k":[0,0,0],"ix":1},"s":{"a":0,"k":[100,100,100],"ix":6}},"ao":0,"shapes":[{"ty":"gr","it":[{"ind":0,"ty":"sh","ix":1,"ks":{"a":1,"k":[{"i":{"x":0.833,"y":0.833},"o":{"x":0.167,"y":0.167},"n":"0p833_0p833_0p167_0p167","t":17,"s":[{"i":[[0,0],[0,0]],"o":[[0,0],[0,0]],"v":[[-262,-138],[0,-138]],"c":false}],"e":[{"i":[[0,0],[0,0]],"o":[[0,0],[0,0]],"v":[[-252.667,-106],[-20,-104.667]],"c":false}]},{"i":{"x":0.833,"y":0.833},"o":{"x":0.167,"y":0.167},"n":"0p833_0p833_0p167_0p167","t":18,"s":[{"i":[[0,0],[0,0]],"o":[[0,0],[0,0]],"v":[[-252.667,-106],[-20,-104.667]],"c":false}],"e":[{"i":[[0,0],[-96,42]],"o":[[68,28],[106,-56]],"v":[[-248,-118],[-30,-116]],"c":false}]},{"i":{"x":0.833,"y":0.833},"o":{"x":0.167,"y":0.167},"n":"0p833_0p833_0p167_0p167","t":19,"s":[{"i":[[0,0],[-96,42]],"o":[[68,28],[106,-56]],"v":[[-248,-118],[-30,-116]],"c":false}],"e":[{"i":[[0,0],[0,0]],"o":[[0,0],[0,0]],"v":[[-252.667,-134],[-20,-132.667]],"c":false}]},{"i":{"x":0.833,"y":0.833},"o":{"x":0.167,"y":0.167},"n":"0p833_0p833_0p167_0p167","t":20,"s":[{"i":[[0,0],[0,0]],"o":[[0,0],[0,0]],"v":[[-252.667,-134],[-20,-132.667]],"c":false}],"e":[{"i":[[0,0],[0,0]],"o":[[0,0],[0,0]],"v":[[-262,-138],[0,-138]],"c":false}]},{"t":21}],"ix":2},"nm":"Path 1","mn":"ADBE Vector Shape - Group","hd":false},{"ty":"st","c":{"a":0,"k":[0,0,0,1],"ix":3},"o":{"a":0,"k":100,"ix":4},"w":{"a":0,"k":45,"ix":5},"lc":2,"lj":1,"ml":4,"nm":"Stroke 1","mn":"ADBE Vector Graphic - Stroke","hd":false},{"ty":"tr","p":{"a":0,"k":[0,-12],"ix":2},"a":{"a":0,"k":[0,0],"ix":1},"s":{"a":0,"k":[100,100],"ix":3},"r":{"a":0,"k":0,"ix":6},"o":{"a":0,"k":100,"ix":7},"sk":{"a":0,"k":0,"ix":4},"sa":{"a":0,"k":0,"ix":5},"nm":"Transform"}],"nm":"Shape 1","np":3,"cix":2,"ix":1,"mn":"ADBE Vector Group","hd":false}],"ip":0,"op":53,"st":0,"bm":0},{"ddd":0,"ind":4,"ty":4,"nm":"TEAR_RT","sr":1,"ks":{"o":{"a":0,"k":100,"ix":11},"r":{"a":0,"k":0,"ix":10},"p":{"a":0,"k":[540,540,0],"ix":2},"a":{"a":0,"k":[0,0,0],"ix":1},"s":{"a":0,"k":[-100,100,100],"ix":6}},"ao":0,"shapes":[{"ty":"gr","it":[{"ind":0,"ty":"sh","ix":1,"ks":{"a":1,"k":[{"i":{"x":0.667,"y":1},"o":{"x":0.333,"y":0},"n":"0p667_1_0p333_0","t":0,"s":[{"i":[[79.928,5.245],[17.838,17.093],[-3.429,-5.581],[-78.864,-1.817],[-16.693,14.214],[-0.977,0.461]],"o":[[-72.251,-4.742],[-0.305,-0.292],[12.633,20.559],[52.403,1.207],[9.155,-7.795],[9.036,-4.26]],"v":[[-120.526,52.833],[-250,-22],[-245.435,-13.292],[-114.308,58.981],[-13.416,26.616],[1.328,12.111]],"c":true}],"e":[{"i":[[69.807,13.852],[1.275,-5.099],[-1.855,-8.63],[-68.282,-17.523],[-24.206,24.713],[0.369,-0.074]],"o":[[-85.579,-16.981],[-0.332,1.329],[6.834,31.791],[64.145,16.461],[13.275,-13.553],[-30,6]],"v":[[-146.583,17.963],[-264.146,-51.241],[-262.111,-35.411],[-161.927,83.13],[-27.647,42.825],[-8,18]],"c":true}]},{"i":{"x":0.667,"y":1},"o":{"x":0.333,"y":0},"n":"0p667_1_0p333_0","t":15,"s":[{"i":[[69.807,13.852],[1.275,-5.099],[-1.855,-8.63],[-68.282,-17.523],[-24.206,24.713],[0.369,-0.074]],"o":[[-85.579,-16.981],[-0.332,1.329],[6.834,31.791],[64.145,16.461],[13.275,-13.553],[-30,6]],"v":[[-146.583,17.963],[-264.146,-51.241],[-262.111,-35.411],[-161.927,83.13],[-27.647,42.825],[-8,18]],"c":true}],"e":[{"i":[[70.355,12.889],[1.275,-5.099],[-1.72,-9.334],[-76.841,-13.277],[-18.599,28.182],[0.364,-0.092]],"o":[[-82.301,-15.252],[-0.332,1.329],[6.335,34.384],[80.11,10.967],[10.2,-15.456],[-29.828,7.606]],"v":[[-148.138,11.583],[-265.7,-49.033],[-263.955,-32.018],[-155.968,90.491],[-3.988,35.333],[3.142,4.505]],"c":true}]},{"i":{"x":0.667,"y":1},"o":{"x":0.333,"y":0},"n":"0p667_1_0p333_0","t":16,"s":[{"i":[[70.355,12.889],[1.275,-5.099],[-1.72,-9.334],[-76.841,-13.277],[-18.599,28.182],[0.364,-0.092]],"o":[[-82.301,-15.252],[-0.332,1.329],[6.335,34.384],[80.11,10.967],[10.2,-15.456],[-29.828,7.606]],"v":[[-148.138,11.583],[-265.7,-49.033],[-263.955,-32.018],[-155.968,90.491],[-3.988,35.333],[3.142,4.505]],"c":true}],"e":[{"i":[[70.903,11.926],[1.275,-5.099],[-1.584,-10.038],[-85.401,-9.032],[-12.991,31.651],[0.358,-0.11]],"o":[[-79.023,-13.523],[-0.332,1.329],[5.835,36.977],[96.074,5.473],[7.125,-17.358],[-29.656,9.213]],"v":[[-139.328,1.278],[-267.255,-46.824],[-265.799,-28.625],[-153.117,104.722],[-5.204,36.674],[1.846,-3.101]],"c":true}]},{"i":{"x":0.667,"y":1},"o":{"x":0.333,"y":0},"n":"0p667_1_0p333_0","t":17,"s":[{"i":[[70.903,11.926],[1.275,-5.099],[-1.584,-10.038],[-85.401,-9.032],[-12.991,31.651],[0.358,-0.11]],"o":[[-79.023,-13.523],[-0.332,1.329],[5.835,36.977],[96.074,5.473],[7.125,-17.358],[-29.656,9.213]],"v":[[-139.328,1.278],[-267.255,-46.824],[-265.799,-28.625],[-153.117,104.722],[-5.204,36.674],[1.846,-3.101]],"c":true}],"e":[{"i":[[72,10],[1.275,-5.099],[-1.313,-11.446],[-102.519,-0.54],[-1.777,38.59],[0.347,-0.147]],"o":[[-72.467,-10.065],[-0.332,1.329],[4.836,42.164],[128.003,-5.515],[0.974,-21.163],[-29.312,12.425]],"v":[[-132.073,-15.407],[-270.364,-42.408],[-269.487,-21.838],[-130.834,121.407],[17.24,12.857],[11.692,-24.203]],"c":true}]},{"i":{"x":0.667,"y":1},"o":{"x":0.333,"y":0},"n":"0p667_1_0p333_0","t":19,"s":[{"i":[[72,10],[1.275,-5.099],[-1.313,-11.446],[-102.519,-0.54],[-1.777,38.59],[0.347,-0.147]],"o":[[-72.467,-10.065],[-0.332,1.329],[4.836,42.164],[128.003,-5.515],[0.974,-21.163],[-29.312,12.425]],"v":[[-132.073,-15.407],[-270.364,-42.408],[-269.487,-21.838],[-130.834,121.407],[17.24,12.857],[11.692,-24.203]],"c":true}],"e":[{"i":[[72,10],[1.275,-5.099],[-0.941,-12.431],[-102.519,-0.54],[-7.111,32.524],[0.347,-0.147]],"o":[[-72.467,-10.065],[-0.332,1.329],[3.467,45.793],[111.939,-1.078],[3.9,-17.837],[-29.312,12.425]],"v":[[-154.875,22.87],[-273.474,-53.204],[-273.204,-31.023],[-146.381,115.518],[2.903,35.653],[3.401,4.26]],"c":true}]},{"i":{"x":0.667,"y":1},"o":{"x":0.333,"y":0},"n":"0p667_1_0p333_0","t":20,"s":[{"i":[[72,10],[1.275,-5.099],[-0.941,-12.431],[-102.519,-0.54],[-7.111,32.524],[0.347,-0.147]],"o":[[-72.467,-10.065],[-0.332,1.329],[3.467,45.793],[111.939,-1.078],[3.9,-17.837],[-29.312,12.425]],"v":[[-154.875,22.87],[-273.474,-53.204],[-273.204,-31.023],[-146.381,115.518],[2.903,35.653],[3.401,4.26]],"c":true}],"e":[{"i":[[65.366,51.574],[1.275,-5.099],[7.057,-12.477],[-158.765,-21.382],[-22.115,34.264],[0.347,-0.147]],"o":[[-51.376,-40.537],[-0.332,1.329],[-25.999,45.965],[111.939,-1.078],[12.128,-18.791],[-29.312,12.425]],"v":[[-201.514,-16.388],[-267.255,-65.963],[-287.766,-48.777],[-197.166,121.407],[-11.696,37.346],[-1.781,12.111]],"c":true}]},{"i":{"x":0.833,"y":1},"o":{"x":0.333,"y":0},"n":"0p833_1_0p333_0","t":29,"s":[{"i":[[65.366,51.574],[1.275,-5.099],[7.057,-12.477],[-158.765,-21.382],[-22.115,34.264],[0.347,-0.147]],"o":[[-51.376,-40.537],[-0.332,1.329],[-25.999,45.965],[111.939,-1.078],[12.128,-18.791],[-29.312,12.425]],"v":[[-201.514,-16.388],[-267.255,-65.963],[-287.766,-48.777],[-197.166,121.407],[-11.696,37.346],[-1.781,12.111]],"c":true}],"e":[{"i":[[72.996,94.905],[1.275,-5.099],[49.271,-24.469],[-137.688,-18.544],[-44.581,34.808],[0.528,-0.224]],"o":[[-39.899,-51.874],[-0.495,1.98],[-49.271,24.47],[106.996,-0.687],[52.141,-40.711],[-29.312,12.425]],"v":[[-209.806,-14.425],[-271.401,-69.889],[-312.445,-13.673],[-265.571,177.35],[-121.484,91.629],[1.328,18]],"c":true}]},{"t":33}],"ix":2},"nm":"Path 1","mn":"ADBE Vector Shape - Group","hd":false},{"ty":"fl","c":{"a":0,"k":[0.298039215686,0.721568627451,0.866666666667,1],"ix":4},"o":{"a":0,"k":100,"ix":5},"r":1,"nm":"Fill 1","mn":"ADBE Vector Graphic - Fill","hd":false},{"ty":"tr","p":{"a":0,"k":[0,0],"ix":2},"a":{"a":0,"k":[0,0],"ix":1},"s":{"a":0,"k":[96.484,101.889],"ix":3},"r":{"a":0,"k":0,"ix":6},"o":{"a":0,"k":100,"ix":7},"sk":{"a":0,"k":0,"ix":4},"sa":{"a":0,"k":0,"ix":5},"nm":"Transform"}],"nm":"Shape 1","np":3,"cix":2,"ix":1,"mn":"ADBE Vector Group","hd":false}],"ip":0,"op":34,"st":-2,"bm":0},{"ddd":0,"ind":5,"ty":4,"nm":"TEAR_LT","sr":1,"ks":{"o":{"a":0,"k":100,"ix":11},"r":{"a":0,"k":0,"ix":10},"p":{"a":0,"k":[540,540,0],"ix":2},"a":{"a":0,"k":[0,0,0],"ix":1},"s":{"a":0,"k":[100,100,100],"ix":6}},"ao":0,"shapes":[{"ty":"gr","it":[{"ind":0,"ty":"sh","ix":1,"ks":{"a":1,"k":[{"i":{"x":0.667,"y":1},"o":{"x":0.333,"y":0},"n":"0p667_1_0p333_0","t":0,"s":[{"i":[[21.984,22.981],[-94.016,-18.742],[-21.078,7.701],[7.572,-5.362]],"o":[[-10.529,-11.007],[30.777,6.135],[24.673,-9.015],[-146.429,103.701]],"v":[[-250,-22],[-134,58],[-54.51,46.768],[-0.745,11.13]],"c":true}],"e":[{"i":[[1.275,-5.099],[-78.526,-7.557],[-25.066,17.737],[3.052,-1.074]],"o":[[-12,48],[55.413,5.333],[29.34,-20.761],[-213.798,75.239]],"v":[[-262.073,-55.167],[-164,90],[-44.807,62.483],[-0.745,15.056]],"c":true}]},{"i":{"x":0.667,"y":1},"o":{"x":0.333,"y":0},"n":"0p667_1_0p333_0","t":15,"s":[{"i":[[1.275,-5.099],[-78.526,-7.557],[-25.066,17.737],[3.052,-1.074]],"o":[[-12,48],[55.413,5.333],[29.34,-20.761],[-213.798,75.239]],"v":[[-262.073,-55.167],[-164,90],[-44.807,62.483],[-0.745,15.056]],"c":true}],"e":[{"i":[[1.275,-5.099],[-93.036,-11.483],[-25.519,25.61],[2.7,-1.65]],"o":[[-12,48],[61.615,14.476],[26.893,-26.138],[-151.159,79.593]],"v":[[-270.364,-48.787],[-160.891,107.666],[-10.972,67.499],[-0.745,-8.009]],"c":true}]},{"i":{"x":0.667,"y":1},"o":{"x":0.333,"y":0},"n":"0p667_1_0p333_0","t":17,"s":[{"i":[[1.275,-5.099],[-93.036,-11.483],[-25.519,25.61],[2.7,-1.65]],"o":[[-12,48],[61.615,14.476],[26.893,-26.138],[-151.159,79.593]],"v":[[-270.364,-48.787],[-160.891,107.666],[-10.972,67.499],[-0.745,-8.009]],"c":true}],"e":[{"i":[[1.275,-5.099],[-107.547,-15.409],[-25.973,33.483],[2.348,-2.227]],"o":[[-12,48],[49.992,8.146],[24.446,-31.515],[-88.52,83.947]],"v":[[-278.656,-42.408],[-162.964,120.425],[-8.23,64.663],[-0.745,-31.073]],"c":true}]},{"i":{"x":0.667,"y":1},"o":{"x":0.333,"y":0},"n":"0p667_1_0p333_0","t":19,"s":[{"i":[[1.275,-5.099],[-107.547,-15.409],[-25.973,33.483],[2.348,-2.227]],"o":[[-12,48],[49.992,8.146],[24.446,-31.515],[-88.52,83.947]],"v":[[-278.656,-42.408],[-162.964,120.425],[-8.23,64.663],[-0.745,-31.073]],"c":true}],"e":[{"i":[[41.265,-51.726],[-109.62,-19.335],[-21.54,20.524],[4.712,-2.956]],"o":[[-10.342,12.964],[64.502,10.109],[25.213,-24.024],[-127.773,80.146]],"v":[[-280.729,-37.501],[-182.656,116.499],[-25.361,72.92],[-0.745,17.019]],"c":true}]},{"i":{"x":0.667,"y":1},"o":{"x":0.333,"y":0},"n":"0p667_1_0p333_0","t":20,"s":[{"i":[[41.265,-51.726],[-109.62,-19.335],[-21.54,20.524],[4.712,-2.956]],"o":[[-10.342,12.964],[64.502,10.109],[25.213,-24.024],[-127.773,80.146]],"v":[[-280.729,-37.501],[-182.656,116.499],[-25.361,72.92],[-0.745,17.019]],"c":true}],"e":[{"i":[[31.984,-36.109],[-109.62,-19.335],[-21.54,20.524],[4.712,-2.956]],"o":[[-10.996,12.414],[76.939,16.979],[25.213,-24.024],[-127.773,80.146]],"v":[[-274.51,-34.556],[-209.603,135.147],[-39.871,81.753],[-0.745,32.722]],"c":true}]},{"i":{"x":0.667,"y":1},"o":{"x":0.333,"y":0},"n":"0p667_1_0p333_0","t":21,"s":[{"i":[[31.984,-36.109],[-109.62,-19.335],[-21.54,20.524],[4.712,-2.956]],"o":[[-10.996,12.414],[76.939,16.979],[25.213,-24.024],[-127.773,80.146]],"v":[[-274.51,-34.556],[-209.603,135.147],[-39.871,81.753],[-0.745,32.722]],"c":true}],"e":[{"i":[[31.984,-36.109],[-113.765,-37.982],[-21.54,20.524],[4.88,-2.67]],"o":[[-10.996,12.414],[124.615,36.609],[25.213,-24.024],[-173.377,94.868]],"v":[[-264.146,-37.501],[-274.899,171.461],[-64.746,78.808],[-0.745,28.796]],"c":true}]},{"i":{"x":0.667,"y":1},"o":{"x":0.333,"y":0},"n":"0p667_1_0p333_0","t":22,"s":[{"i":[[31.984,-36.109],[-113.765,-37.982],[-21.54,20.524],[4.88,-2.67]],"o":[[-10.996,12.414],[124.615,36.609],[25.213,-24.024],[-173.377,94.868]],"v":[[-264.146,-37.501],[-274.899,171.461],[-64.746,78.808],[-0.745,28.796]],"c":true}],"e":[{"i":[[18.942,14.063],[-174.915,-39.945],[-27.573,11.177],[4.88,-2.67]],"o":[[-20.874,-15.498],[82.121,5.202],[99.985,-40.532],[-194.105,98.794]],"v":[[-264.146,-51.241],[-275.935,191.09],[-102.057,80.771],[-0.745,20.944]],"c":true}]},{"i":{"x":0.667,"y":1},"o":{"x":0.333,"y":0},"n":"0p667_1_0p333_0","t":23,"s":[{"i":[[18.942,14.063],[-174.915,-39.945],[-27.573,11.177],[4.88,-2.67]],"o":[[-20.874,-15.498],[82.121,5.202],[99.985,-40.532],[-194.105,98.794]],"v":[[-264.146,-51.241],[-275.935,191.09],[-102.057,80.771],[-0.745,20.944]],"c":true}],"e":[{"i":[[15.401,17.871],[-174.915,-39.945],[-27.573,11.177],[4.88,-2.67]],"o":[[-14.123,-16.389],[82.121,5.202],[99.985,-40.532],[-194.105,98.794]],"v":[[-264.146,-61.056],[-275.935,187.164],[-102.057,70.957],[-0.745,11.13]],"c":true}]},{"t":24}],"ix":2},"nm":"Path 1","mn":"ADBE Vector Shape - Group","hd":false},{"ty":"fl","c":{"a":0,"k":[0.298039215686,0.721568627451,0.866666666667,1],"ix":4},"o":{"a":0,"k":100,"ix":5},"r":1,"nm":"Fill 1","mn":"ADBE Vector Graphic - Fill","hd":false},{"ty":"tr","p":{"a":0,"k":[0.785,0.551],"ix":2},"a":{"a":0,"k":[0,0],"ix":1},"s":{"a":0,"k":[96.484,101.889],"ix":3},"r":{"a":0,"k":0,"ix":6},"o":{"a":0,"k":100,"ix":7},"sk":{"a":0,"k":0,"ix":4},"sa":{"a":0,"k":0,"ix":5},"nm":"Transform"}],"nm":"Shape 1","np":3,"cix":2,"ix":1,"mn":"ADBE Vector Group","hd":false}],"ip":0,"op":25,"st":-2,"bm":0},{"ddd":0,"ind":6,"ty":0,"nm":"EYE_LIDS_MASK","refId":"comp_2","sr":1,"ks":{"o":{"a":0,"k":100,"ix":11},"r":{"a":0,"k":0,"ix":10},"p":{"a":1,"k":[{"i":{"x":0.667,"y":0.776},"o":{"x":0.333,"y":0},"n":"0p667_0p776_0p333_0","t":15,"s":[538,546.432,0],"e":[542,554.428,0],"to":[0,0,0],"ti":[0,0,0]},{"i":{"x":0.667,"y":1},"o":{"x":0.333,"y":0.25},"n":"0p667_1_0p333_0p25","t":16,"s":[542,554.428,0],"e":[542,562.432,0],"to":[0,0,0],"ti":[0,0,0]},{"i":{"x":0.852,"y":0},"o":{"x":0.333,"y":0},"n":"0p852_0_0p333_0","t":17,"s":[542,562.432,0],"e":[543,560.432,0],"to":[0,0,0],"ti":[0,0,0]},{"i":{"x":0.667,"y":1},"o":{"x":0.239,"y":1},"n":"0p667_1_0p239_1","t":18,"s":[543,560.432,0],"e":[540,558.432,0],"to":[0,0,0],"ti":[0,0,0]},{"i":{"x":0.667,"y":0.697},"o":{"x":0.333,"y":0},"n":"0p667_0p697_0p333_0","t":19,"s":[540,558.432,0],"e":[539.001,548.438,0],"to":[0,0,0],"ti":[0,0,0]},{"i":{"x":0.667,"y":0.97},"o":{"x":0.295,"y":1},"n":"0p667_0p97_0p295_1","t":20,"s":[539.001,548.438,0],"e":[541.499,549.439,0],"to":[0,0,0],"ti":[0,0,0]},{"i":{"x":0.667,"y":0.456},"o":{"x":0.333,"y":0.014},"n":"0p667_0p456_0p333_0p014","t":21,"s":[541.499,549.439,0],"e":[544.001,544.438,0],"to":[0,0,0],"ti":[0,0,0]},{"t":22}],"ix":2},"a":{"a":0,"k":[540,540,0],"ix":1},"s":{"a":0,"k":[100,100,100],"ix":6}},"ao":0,"hasMask":true,"masksProperties":[{"inv":false,"mode":"a","pt":{"a":1,"k":[{"i":{"x":0.833,"y":0.833},"o":{"x":0.333,"y":0},"n":"0p833_0p833_0p333_0","t":15,"s":[{"i":[[0,0],[0,0],[0,0],[0,0]],"o":[[0,0],[0,0],[0,0],[0,0]],"v":[[989.425,-116.432],[94.347,-116.432],[91.508,257.014],[986.239,251.014]],"c":true}],"e":[{"i":[[0,0],[0,0],[0,0],[0,0]],"o":[[0,0],[0,0],[0,0],[0,0]],"v":[[990.045,66.193],[94.968,66.193],[92.028,451.452],[986.758,445.451]],"c":true}]},{"i":{"x":0.667,"y":1},"o":{"x":0.167,"y":0.167},"n":"0p667_1_0p167_0p167","t":18,"s":[{"i":[[0,0],[0,0],[0,0],[0,0]],"o":[[0,0],[0,0],[0,0],[0,0]],"v":[[990.045,66.193],[94.968,66.193],[92.028,451.452],[986.758,445.451]],"c":true}],"e":[{"i":[[0,0],[0,0],[0,0],[0,0]],"o":[[0,0],[0,0],[0,0],[0,0]],"v":[[988.814,263.568],[93.736,263.568],[90.777,651.014],[985.508,645.014]],"c":true}]},{"i":{"x":0.833,"y":0.833},"o":{"x":0.333,"y":0},"n":"0p833_0p833_0p333_0","t":19,"s":[{"i":[[0,0],[0,0],[0,0],[0,0]],"o":[[0,0],[0,0],[0,0],[0,0]],"v":[[988.814,263.568],[93.736,263.568],[90.777,651.014],[985.508,645.014]],"c":true}],"e":[{"i":[[0,0],[0,0],[0,0],[0,0]],"o":[[0,0],[0,0],[0,0],[0,0]],"v":[[988.494,93.022],[93.416,93.022],[90.473,478.679],[985.204,472.679]],"c":true}]},{"i":{"x":0.833,"y":1},"o":{"x":0.167,"y":0.167},"n":"0p833_1_0p167_0p167","t":20,"s":[{"i":[[0,0],[0,0],[0,0],[0,0]],"o":[[0,0],[0,0],[0,0],[0,0]],"v":[[988.494,93.022],[93.416,93.022],[90.473,478.679],[985.204,472.679]],"c":true}],"e":[{"i":[[0,0],[0,0],[0,0],[0,0]],"o":[[0,0],[0,0],[0,0],[0,0]],"v":[[988.494,93.022],[93.416,93.022],[91.473,396.029],[986.204,390.028]],"c":true}]},{"i":{"x":0.833,"y":1},"o":{"x":0.167,"y":0},"n":"0p833_1_0p167_0","t":21,"s":[{"i":[[0,0],[0,0],[0,0],[0,0]],"o":[[0,0],[0,0],[0,0],[0,0]],"v":[[988.494,93.022],[93.416,93.022],[91.473,396.029],[986.204,390.028]],"c":true}],"e":[{"i":[[0,0],[0,0],[0,0],[0,0]],"o":[[0,0],[0,0],[0,0],[0,0]],"v":[[988.494,93.022],[93.416,93.022],[91.678,268.029],[986.409,262.028]],"c":true}]},{"t":23}],"ix":1},"o":{"a":0,"k":100,"ix":3},"x":{"a":0,"k":0,"ix":4},"nm":"Mask 1"}],"w":1080,"h":1080,"ip":0,"op":50,"st":0,"bm":0},{"ddd":0,"ind":7,"ty":4,"nm":"pupil2","sr":1,"ks":{"o":{"a":0,"k":100,"ix":11},"r":{"a":0,"k":0,"ix":10},"p":{"s":true,"x":{"a":1,"k":[{"i":{"x":[0.833],"y":[0.833]},"o":{"x":[0.167],"y":[0.167]},"n":["0p833_0p833_0p167_0p167"],"t":-10,"s":[540],"e":[540]},{"i":{"x":[0.56],"y":[1]},"o":{"x":[0.123],"y":[0]},"n":["0p56_1_0p123_0"],"t":15,"s":[540],"e":[540]},{"i":{"x":[0.838],"y":[1]},"o":{"x":[0.417],"y":[0]},"n":["0p838_1_0p417_0"],"t":17,"s":[540],"e":[540]},{"i":{"x":[0.94],"y":[1]},"o":{"x":[0.06],"y":[0]},"n":["0p94_1_0p06_0"],"t":19,"s":[540],"e":[540]},{"t":24}],"ix":3},"y":{"a":1,"k":[{"i":{"x":[0.833],"y":[0.833]},"o":{"x":[0.167],"y":[0.167]},"n":["0p833_0p833_0p167_0p167"],"t":-10,"s":[542],"e":[542]},{"i":{"x":[0.56],"y":[0.275]},"o":{"x":[0.123],"y":[0.586]},"n":["0p56_0p275_0p123_0p586"],"t":15,"s":[542],"e":[553.677]},{"i":{"x":[0.838],"y":[1]},"o":{"x":[0.417],"y":[0.283]},"n":["0p838_1_0p417_0p283"],"t":17,"s":[553.677],"e":[582]},{"i":{"x":[0.471],"y":[1.002]},"o":{"x":[0.208],"y":[0]},"n":["0p471_1p002_0p208_0"],"t":19,"s":[582],"e":[542]},{"t":24}],"ix":4}},"a":{"a":0,"k":[0,0,0],"ix":1},"s":{"a":0,"k":[100,100,100],"ix":6}},"ao":0,"shapes":[{"ty":"gr","it":[{"ind":0,"ty":"sh","ix":1,"ks":{"a":0,"k":{"i":[[10.216,-10.66],[0,-14.658],[-10.216,-10.216],[-15.102,0],[-10.66,10.216],[0,15.102],[10.216,10.216],[14.658,0]],"o":[[-10.216,10.216],[0,15.102],[10.216,10.216],[14.658,0],[10.216,-10.216],[0,-14.658],[-10.66,-10.66],[-15.102,0]],"v":[[65.57,-141.877],[50.246,-104.566],[65.57,-66.588],[103.548,-51.263],[141.526,-66.588],[156.85,-104.566],[141.526,-141.877],[103.548,-157.868]],"c":true},"ix":2},"nm":"Path 1","mn":"ADBE Vector Shape - Group","hd":false},{"ty":"fl","c":{"a":0,"k":[0,0,0,1],"ix":4},"o":{"a":0,"k":100,"ix":5},"r":1,"nm":"Fill 1","mn":"ADBE Vector Graphic - Fill","hd":false},{"ty":"tr","p":{"a":0,"k":[0,0],"ix":2},"a":{"a":0,"k":[0,0],"ix":1},"s":{"a":0,"k":[100,100],"ix":3},"r":{"a":0,"k":0,"ix":6},"o":{"a":0,"k":100,"ix":7},"sk":{"a":0,"k":0,"ix":4},"sa":{"a":0,"k":0,"ix":5},"nm":"Transform"}],"nm":"pupil2","np":2,"cix":2,"ix":1,"mn":"ADBE Vector Group","hd":false}],"ip":0,"op":53,"st":0,"bm":0},{"ddd":0,"ind":8,"ty":4,"nm":"pupil1","sr":1,"ks":{"o":{"a":0,"k":100,"ix":11},"r":{"a":0,"k":0,"ix":10},"p":{"s":true,"x":{"a":1,"k":[{"i":{"x":[0.833],"y":[0.833]},"o":{"x":[0.167],"y":[0.167]},"n":["0p833_0p833_0p167_0p167"],"t":-10,"s":[540],"e":[540]},{"i":{"x":[0.56],"y":[1]},"o":{"x":[0.123],"y":[0]},"n":["0p56_1_0p123_0"],"t":15,"s":[540],"e":[540]},{"i":{"x":[0.838],"y":[1]},"o":{"x":[0.417],"y":[0]},"n":["0p838_1_0p417_0"],"t":17,"s":[540],"e":[540]},{"i":{"x":[0.94],"y":[0.792]},"o":{"x":[0.06],"y":[0.208]},"n":["0p94_0p792_0p06_0p208"],"t":19,"s":[540],"e":[540]},{"t":24}],"ix":3},"y":{"a":1,"k":[{"i":{"x":[0.833],"y":[0.833]},"o":{"x":[0.167],"y":[0.167]},"n":["0p833_0p833_0p167_0p167"],"t":-10,"s":[542],"e":[542]},{"i":{"x":[0.56],"y":[0.275]},"o":{"x":[0.123],"y":[0.586]},"n":["0p56_0p275_0p123_0p586"],"t":15,"s":[542],"e":[553.677]},{"i":{"x":[0.838],"y":[1]},"o":{"x":[0.417],"y":[0.283]},"n":["0p838_1_0p417_0p283"],"t":17,"s":[553.677],"e":[582]},{"i":{"x":[0.471],"y":[1.002]},"o":{"x":[0.208],"y":[0]},"n":["0p471_1p002_0p208_0"],"t":19,"s":[582],"e":[542]},{"t":24}],"ix":4}},"a":{"a":0,"k":[0,0,0],"ix":1},"s":{"a":0,"k":[100,100,100],"ix":6}},"ao":0,"shapes":[{"ty":"gr","it":[{"ind":0,"ty":"sh","ix":1,"ks":{"a":0,"k":{"i":[[10.216,-10.66],[0,-14.658],[-10.216,-10.216],[-15.102,0],[-10.66,10.216],[0,15.102],[10.216,10.216],[14.658,0]],"o":[[-10.216,10.216],[0,15.102],[10.216,10.216],[14.658,0],[10.216,-10.216],[0,-14.658],[-10.66,-10.66],[-15.102,0]],"v":[[-147.639,-141.877],[-162.963,-104.566],[-147.639,-66.588],[-109.661,-51.263],[-71.683,-66.588],[-56.359,-104.566],[-71.683,-141.877],[-109.661,-157.868]],"c":true},"ix":2},"nm":"Path 1","mn":"ADBE Vector Shape - Group","hd":false},{"ty":"fl","c":{"a":0,"k":[0,0,0,1],"ix":4},"o":{"a":0,"k":100,"ix":5},"r":1,"nm":"Fill 1","mn":"ADBE Vector Graphic - Fill","hd":false},{"ty":"tr","p":{"a":0,"k":[0,0],"ix":2},"a":{"a":0,"k":[0,0],"ix":1},"s":{"a":0,"k":[100,100],"ix":3},"r":{"a":0,"k":0,"ix":6},"o":{"a":0,"k":100,"ix":7},"sk":{"a":0,"k":0,"ix":4},"sa":{"a":0,"k":0,"ix":5},"nm":"Transform"}],"nm":"pupil1","np":2,"cix":2,"ix":1,"mn":"ADBE Vector Group","hd":false}],"ip":0,"op":53,"st":0,"bm":0},{"ddd":0,"ind":9,"ty":4,"nm":"eye_white","sr":1,"ks":{"o":{"a":0,"k":100,"ix":11},"r":{"a":0,"k":0,"ix":10},"p":{"a":1,"k":[{"i":{"x":0.667,"y":1},"o":{"x":0.333,"y":0},"n":"0p667_1_0p333_0","t":15,"s":[750,540,0],"e":[750,582,0],"to":[0,5.08590459823608,0],"ti":[0,0,0]},{"i":{"x":0.667,"y":1},"o":{"x":0.333,"y":0},"n":"0p667_1_0p333_0","t":19,"s":[750,582,0],"e":[750,540,0],"to":[0,0,0],"ti":[0,7,0]},{"t":24}],"ix":2},"a":{"a":0,"k":[0,0,0],"ix":1},"s":{"a":0,"k":[97,97,100],"ix":6}},"ao":0,"shapes":[{"ty":"gr","it":[{"ind":0,"ty":"sh","ix":1,"ks":{"a":0,"k":{"i":[[31.093,-31.537],[0,-43.974],[-31.093,-31.093],[-44.419,0],[-31.537,31.093],[0,44.419],[31.093,31.093],[43.974,0]],"o":[[-31.093,31.093],[0,44.419],[31.093,31.093],[43.974,0],[31.093,-31.093],[0,-43.974],[-31.537,-31.537],[-44.419,0]],"v":[[-222.928,-217.167],[-269.568,-104.566],[-222.928,8.702],[-109.661,55.341],[3.606,8.702],[50.246,-104.566],[3.606,-217.167],[-109.661,-264.472]],"c":true},"ix":2},"nm":"Path 1","mn":"ADBE Vector Shape - Group","hd":false},{"ty":"fl","c":{"a":0,"k":[1,1,1,1],"ix":4},"o":{"a":0,"k":100,"ix":5},"r":1,"nm":"Fill 1","mn":"ADBE Vector Graphic - Fill","hd":false},{"ty":"tr","p":{"a":0,"k":[0,0],"ix":2},"a":{"a":0,"k":[0,0],"ix":1},"s":{"a":0,"k":[100,100],"ix":3},"r":{"a":0,"k":0,"ix":6},"o":{"a":0,"k":100,"ix":7},"sk":{"a":0,"k":0,"ix":4},"sa":{"a":0,"k":0,"ix":5},"nm":"Transform"}],"nm":"eye1","np":2,"cix":2,"ix":1,"mn":"ADBE Vector Group","hd":false}],"ip":0,"op":53,"st":0,"bm":0},{"ddd":0,"ind":10,"ty":4,"nm":"eye_white","sr":1,"ks":{"o":{"a":0,"k":100,"ix":11},"r":{"a":0,"k":0,"ix":10},"p":{"a":1,"k":[{"i":{"x":0.667,"y":1},"o":{"x":0.333,"y":0},"n":"0p667_1_0p333_0","t":15,"s":[540,540,0],"e":[540,582,0],"to":[0,5.08590459823608,0],"ti":[0,0,0]},{"i":{"x":0.667,"y":1},"o":{"x":0.333,"y":0},"n":"0p667_1_0p333_0","t":19,"s":[540,582,0],"e":[540,540,0],"to":[0,0,0],"ti":[0,7,0]},{"t":24}],"ix":2},"a":{"a":0,"k":[0,0,0],"ix":1},"s":{"a":0,"k":[97,97,100],"ix":6}},"ao":0,"shapes":[{"ty":"gr","it":[{"ind":0,"ty":"sh","ix":1,"ks":{"a":0,"k":{"i":[[31.093,-31.537],[0,-43.974],[-31.093,-31.093],[-44.419,0],[-31.537,31.093],[0,44.419],[31.093,31.093],[43.974,0]],"o":[[-31.093,31.093],[0,44.419],[31.093,31.093],[43.974,0],[31.093,-31.093],[0,-43.974],[-31.537,-31.537],[-44.419,0]],"v":[[-222.928,-217.167],[-269.568,-104.566],[-222.928,8.702],[-109.661,55.341],[3.606,8.702],[50.246,-104.566],[3.606,-217.167],[-109.661,-264.472]],"c":true},"ix":2},"nm":"Path 1","mn":"ADBE Vector Shape - Group","hd":false},{"ty":"fl","c":{"a":0,"k":[1,1,1,1],"ix":4},"o":{"a":0,"k":100,"ix":5},"r":1,"nm":"Fill 1","mn":"ADBE Vector Graphic - Fill","hd":false},{"ty":"tr","p":{"a":0,"k":[0,0],"ix":2},"a":{"a":0,"k":[0,0],"ix":1},"s":{"a":0,"k":[100,100],"ix":3},"r":{"a":0,"k":0,"ix":6},"o":{"a":0,"k":100,"ix":7},"sk":{"a":0,"k":0,"ix":4},"sa":{"a":0,"k":0,"ix":5},"nm":"Transform"}],"nm":"eye1","np":2,"cix":2,"ix":1,"mn":"ADBE Vector Group","hd":false}],"ip":0,"op":53,"st":0,"bm":0},{"ddd":0,"ind":11,"ty":0,"nm":"TEAR_RT_dropping","refId":"comp_3","sr":1,"ks":{"o":{"a":0,"k":100,"ix":11},"r":{"a":0,"k":0,"ix":10},"p":{"a":0,"k":[539,537,0],"ix":2},"a":{"a":0,"k":[540,540,0],"ix":1},"s":{"a":0,"k":[-100,100,100],"ix":6}},"ao":0,"w":1080,"h":1080,"ip":34,"op":54,"st":34,"bm":0},{"ddd":0,"ind":12,"ty":0,"nm":"TEAR_LT_dropping","refId":"comp_3","sr":1,"ks":{"o":{"a":0,"k":100,"ix":11},"r":{"a":0,"k":0,"ix":10},"p":{"a":0,"k":[518,542,0],"ix":2},"a":{"a":0,"k":[540,540,0],"ix":1},"s":{"a":0,"k":[100,100,100],"ix":6}},"ao":0,"w":1080,"h":1080,"ip":25,"op":45,"st":25,"bm":0},{"ddd":0,"ind":13,"ty":4,"nm":"EYE_Gradient_RT","sr":1,"ks":{"o":{"a":0,"k":100,"ix":11},"r":{"a":0,"k":0,"ix":10},"p":{"a":1,"k":[{"i":{"x":0.667,"y":1},"o":{"x":0.333,"y":0},"n":"0p667_1_0p333_0","t":15,"s":[655.508,438.222,0],"e":[655.508,474.222,0],"to":[0,6,0],"ti":[0,0,0]},{"i":{"x":0.667,"y":1},"o":{"x":0.333,"y":0},"n":"0p667_1_0p333_0","t":19,"s":[655.508,474.222,0],"e":[655.508,438.222,0],"to":[0,0,0],"ti":[0,6,0]},{"t":24}],"ix":2},"a":{"a":0,"k":[-102,-105.118,0],"ix":1},"s":{"a":1,"k":[{"i":{"x":[0.833,0.833,0.833],"y":[1,1,1]},"o":{"x":[0.167,0.167,0.167],"y":[0,0,0]},"n":["0p833_1_0p167_0","0p833_1_0p167_0","0p833_1_0p167_0"],"t":15,"s":[98,95.093,100],"e":[98,95.093,100]},{"i":{"x":[0.833,0.833,0.833],"y":[1,1,1]},"o":{"x":[0.167,0.167,0.167],"y":[0,0,0]},"n":["0p833_1_0p167_0","0p833_1_0p167_0","0p833_1_0p167_0"],"t":19,"s":[98,95.093,100],"e":[98,95.093,100]},{"t":24}],"ix":6}},"ao":0,"shapes":[{"ty":"gr","it":[{"ind":0,"ty":"sh","ix":1,"ks":{"a":0,"k":{"i":[[58.632,0],[41.309,-41.753],[0,-59.077],[-41.753,-41.753],[-59.077,0],[-41.753,41.753],[0,58.632],[41.753,41.309]],"o":[[-59.077,0],[-41.753,41.309],[0,58.632],[41.309,41.753],[58.632,0],[41.753,-41.753],[0,-59.077],[-41.753,-41.753]],"v":[[-109.661,-317.775],[-260.24,-255.145],[-322.87,-104.566],[-260.24,46.013],[-109.661,108.643],[40.918,46.013],[103.548,-104.566],[40.918,-255.145]],"c":true},"ix":2},"nm":"Path 1","mn":"ADBE Vector Shape - Group","hd":false},{"ty":"gf","o":{"a":0,"k":100,"ix":10},"r":1,"g":{"p":3,"k":{"a":0,"k":[0,1,0.706,0,0.43,1,0.706,0,1,1,0.706,0,0,1,0.43,0.5,1,0],"ix":9}},"s":{"a":0,"k":[-110,-318],"ix":5},"e":{"a":0,"k":[-110,107.123],"ix":6},"t":1,"nm":"Gradient Fill 1","mn":"ADBE Vector Graphic - G-Fill","hd":false},{"ty":"tr","p":{"a":0,"k":[0,0],"ix":2},"a":{"a":0,"k":[0,0],"ix":1},"s":{"a":0,"k":[100,100],"ix":3},"r":{"a":0,"k":0,"ix":6},"o":{"a":0,"k":100,"ix":7},"sk":{"a":0,"k":0,"ix":4},"sa":{"a":0,"k":0,"ix":5},"nm":"Transform"}],"nm":"shadow1","np":2,"cix":2,"ix":1,"mn":"ADBE Vector Group","hd":false}],"ip":0,"op":53,"st":0,"bm":0},{"ddd":0,"ind":14,"ty":4,"nm":"EYE_gradient_LT","sr":1,"ks":{"o":{"a":0,"k":100,"ix":11},"r":{"a":0,"k":0,"ix":10},"p":{"a":1,"k":[{"i":{"x":0.667,"y":1},"o":{"x":0.333,"y":0},"n":"0p667_1_0p333_0","t":15,"s":[417.229,449.198,0],"e":[417.229,483.198,0],"to":[0,5.66666650772095,0],"ti":[0,0,0]},{"i":{"x":0.667,"y":1},"o":{"x":0.333,"y":0},"n":"0p667_1_0p333_0","t":19,"s":[417.229,483.198,0],"e":[417.229,449.198,0],"to":[0,0,0],"ti":[0,5.66666650772095,0]},{"t":24}],"ix":2},"a":{"a":0,"k":[-114,-94.812,0],"ix":1},"s":{"a":1,"k":[{"i":{"x":[0.833,0.833,0.833],"y":[1,1,1]},"o":{"x":[0.167,0.167,0.167],"y":[0,0,0]},"n":["0p833_1_0p167_0","0p833_1_0p167_0","0p833_1_0p167_0"],"t":15,"s":[98,95.093,100],"e":[98,95.093,100]},{"i":{"x":[0.833,0.833,0.833],"y":[1,1,1]},"o":{"x":[0.167,0.167,0.167],"y":[0,0,0]},"n":["0p833_1_0p167_0","0p833_1_0p167_0","0p833_1_0p167_0"],"t":19,"s":[98,95.093,100],"e":[98,95.093,100]},{"t":24}],"ix":6}},"ao":0,"shapes":[{"ty":"gr","it":[{"ind":0,"ty":"sh","ix":1,"ks":{"a":0,"k":{"i":[[58.632,0],[41.309,-41.753],[0,-59.077],[-41.753,-41.753],[-59.077,0],[-41.753,41.753],[0,58.632],[41.753,41.309]],"o":[[-59.077,0],[-41.753,41.309],[0,58.632],[41.309,41.753],[58.632,0],[41.753,-41.753],[0,-59.077],[-41.753,-41.753]],"v":[[-109.661,-317.775],[-260.24,-255.145],[-322.87,-104.566],[-260.24,46.013],[-109.661,108.643],[40.918,46.013],[103.548,-104.566],[40.918,-255.145]],"c":true},"ix":2},"nm":"Path 1","mn":"ADBE Vector Shape - Group","hd":false},{"ty":"gf","o":{"a":0,"k":100,"ix":10},"r":1,"g":{"p":3,"k":{"a":0,"k":[0,1,0.706,0,0.43,1,0.706,0,1,1,0.706,0,0,1,0.43,0.5,1,0],"ix":9}},"s":{"a":0,"k":[-110,-318],"ix":5},"e":{"a":0,"k":[-110,107.123],"ix":6},"t":1,"nm":"Gradient Fill 1","mn":"ADBE Vector Graphic - G-Fill","hd":false},{"ty":"tr","p":{"a":0,"k":[0,0],"ix":2},"a":{"a":0,"k":[0,0],"ix":1},"s":{"a":0,"k":[100,100],"ix":3},"r":{"a":0,"k":0,"ix":6},"o":{"a":0,"k":100,"ix":7},"sk":{"a":0,"k":0,"ix":4},"sa":{"a":0,"k":0,"ix":5},"nm":"Transform"}],"nm":"shadow1","np":2,"cix":2,"ix":1,"mn":"ADBE Vector Group","hd":false}],"ip":0,"op":53,"st":0,"bm":0}]},{"id":"comp_2","layers":[{"ddd":0,"ind":1,"ty":4,"nm":"eye2","sr":1,"ks":{"o":{"a":0,"k":100,"ix":11},"r":{"a":0,"k":0,"ix":10},"p":{"a":1,"k":[{"i":{"x":0.667,"y":1},"o":{"x":0.333,"y":0},"n":"0p667_1_0p333_0","t":16,"s":[642,436,0],"e":[642,464,0],"to":[0,4.66666650772095,0],"ti":[0,0,0]},{"i":{"x":0.667,"y":1},"o":{"x":0.333,"y":0},"n":"0p667_1_0p333_0","t":20,"s":[642,464,0],"e":[642,436,0],"to":[0,0,0],"ti":[0,4.66666650772095,0]},{"t":25}],"ix":2},"a":{"a":0,"k":[-108,-104,0],"ix":1},"s":{"a":0,"k":[100,100,100],"ix":6}},"ao":0,"shapes":[{"ty":"gr","it":[{"ind":0,"ty":"sh","ix":1,"ks":{"a":0,"k":{"i":[[31.093,-31.537],[0,-43.974],[-31.093,-31.093],[-44.419,0],[-31.537,31.093],[0,44.419],[31.093,31.093],[43.974,0]],"o":[[-31.093,31.093],[0,44.419],[31.093,31.093],[43.974,0],[31.093,-31.093],[0,-43.974],[-31.537,-31.537],[-44.419,0]],"v":[[-222.928,-217.167],[-269.568,-104.566],[-222.928,8.702],[-109.661,55.341],[3.606,8.702],[50.246,-104.566],[3.606,-217.167],[-109.661,-264.472]],"c":true},"ix":2},"nm":"Path 1","mn":"ADBE Vector Shape - Group","hd":false},{"ty":"gf","o":{"a":0,"k":100,"ix":10},"r":1,"g":{"p":3,"k":{"a":0,"k":[0,0.992,0.882,0.227,0.5,0.992,0.796,0.19,1,0.992,0.71,0.153],"ix":9}},"s":{"a":0,"k":[-103.688,-254.625],"ix":5},"e":{"a":0,"k":[-114.516,56.75],"ix":6},"t":1,"nm":"Gradient Fill 1","mn":"ADBE Vector Graphic - G-Fill","hd":false},{"ty":"tr","p":{"a":0,"k":[0,0],"ix":2},"a":{"a":0,"k":[0,0],"ix":1},"s":{"a":0,"k":[100,100],"ix":3},"r":{"a":0,"k":0,"ix":6},"o":{"a":0,"k":100,"ix":7},"sk":{"a":0,"k":0,"ix":4},"sa":{"a":0,"k":0,"ix":5},"nm":"Transform"}],"nm":"eye1","np":2,"cix":2,"ix":1,"mn":"ADBE Vector Group","hd":false}],"ip":0,"op":50,"st":0,"bm":0},{"ddd":0,"ind":2,"ty":4,"nm":"eye1","sr":1,"ks":{"o":{"a":0,"k":100,"ix":11},"r":{"a":0,"k":0,"ix":10},"p":{"a":1,"k":[{"i":{"x":0.667,"y":1},"o":{"x":0.333,"y":0},"n":"0p667_1_0p333_0","t":16,"s":[540,540,0],"e":[540,568,0],"to":[0,4.66666650772095,0],"ti":[0,0,0]},{"i":{"x":0.667,"y":1},"o":{"x":0.333,"y":0},"n":"0p667_1_0p333_0","t":20,"s":[540,568,0],"e":[540,540,0],"to":[0,0,0],"ti":[0,4.66666650772095,0]},{"t":25}],"ix":2},"a":{"a":0,"k":[0,0,0],"ix":1},"s":{"a":0,"k":[100,100,100],"ix":6}},"ao":0,"shapes":[{"ty":"gr","it":[{"ind":0,"ty":"sh","ix":1,"ks":{"a":0,"k":{"i":[[31.093,-31.537],[0,-43.974],[-31.093,-31.093],[-44.419,0],[-31.537,31.093],[0,44.419],[31.093,31.093],[43.974,0]],"o":[[-31.093,31.093],[0,44.419],[31.093,31.093],[43.974,0],[31.093,-31.093],[0,-43.974],[-31.537,-31.537],[-44.419,0]],"v":[[-222.928,-217.167],[-269.568,-104.566],[-222.928,8.702],[-109.661,55.341],[3.606,8.702],[50.246,-104.566],[3.606,-217.167],[-109.661,-264.472]],"c":true},"ix":2},"nm":"Path 1","mn":"ADBE Vector Shape - Group","hd":false},{"ty":"gf","o":{"a":0,"k":100,"ix":10},"r":1,"g":{"p":3,"k":{"a":0,"k":[0,0.992,0.882,0.227,0.5,0.992,0.796,0.19,1,0.992,0.71,0.153],"ix":9}},"s":{"a":0,"k":[-103.672,-259.156],"ix":5},"e":{"a":0,"k":[-102.062,64.312],"ix":6},"t":1,"nm":"Gradient Fill 1","mn":"ADBE Vector Graphic - G-Fill","hd":false},{"ty":"tr","p":{"a":0,"k":[0,0],"ix":2},"a":{"a":0,"k":[0,0],"ix":1},"s":{"a":0,"k":[100,100],"ix":3},"r":{"a":0,"k":0,"ix":6},"o":{"a":0,"k":100,"ix":7},"sk":{"a":0,"k":0,"ix":4},"sa":{"a":0,"k":0,"ix":5},"nm":"Transform"}],"nm":"eye1","np":2,"cix":2,"ix":1,"mn":"ADBE Vector Group","hd":false}],"ip":0,"op":50,"st":0,"bm":0}]},{"id":"comp_3","layers":[{"ddd":0,"ind":2,"ty":4,"nm":"TEAR_LT","sr":1,"ks":{"o":{"a":1,"k":[{"i":{"x":[0.667],"y":[1]},"o":{"x":[0.333],"y":[0]},"n":["0p667_1_0p333_0"],"t":0,"s":[100],"e":[100]},{"i":{"x":[0.667],"y":[1]},"o":{"x":[0.333],"y":[0]},"n":["0p667_1_0p333_0"],"t":4,"s":[100],"e":[100]},{"i":{"x":[0.667],"y":[1]},"o":{"x":[0.333],"y":[0]},"n":["0p667_1_0p333_0"],"t":9,"s":[100],"e":[100]},{"i":{"x":[0.667],"y":[1]},"o":{"x":[0.333],"y":[0]},"n":["0p667_1_0p333_0"],"t":11,"s":[100],"e":[99]},{"t":13}],"ix":11},"r":{"a":1,"k":[{"i":{"x":[0.667],"y":[1]},"o":{"x":[0.333],"y":[0]},"n":["0p667_1_0p333_0"],"t":0,"s":[5.038],"e":[-0.962]},{"i":{"x":[0.667],"y":[1]},"o":{"x":[0.333],"y":[0]},"n":["0p667_1_0p333_0"],"t":4,"s":[-0.962],"e":[-8.962]},{"i":{"x":[0.833],"y":[1]},"o":{"x":[0.333],"y":[0]},"n":["0p833_1_0p333_0"],"t":9,"s":[-8.962],"e":[-13.962]},{"t":13}],"ix":10},"p":{"a":1,"k":[{"i":{"x":0.667,"y":1},"o":{"x":0.333,"y":0},"n":"0p667_1_0p333_0","t":0,"s":[265,486,0],"e":[183,650,0],"to":[-13.6320705413818,11.8785676956177,0],"ti":[22.6569385528564,-88.7281875610352,0]},{"i":{"x":0.667,"y":1},"o":{"x":0.333,"y":0},"n":"0p667_1_0p333_0","t":4,"s":[183,650,0],"e":[219,882,0],"to":[-21.5919933319092,84.5576858520508,0],"ti":[-34.6608390808105,-64.764518737793,0]},{"i":{"x":0.667,"y":1},"o":{"x":0.333,"y":0},"n":"0p667_1_0p333_0","t":9,"s":[219,882,0],"e":[296,984,0],"to":[30.4478988647461,56.8925514221191,0],"ti":[0,0,0]},{"t":13}],"ix":2},"a":{"a":0,"k":[224.113,99.065,0],"ix":1},"s":{"a":1,"k":[{"i":{"x":[0.667,0.667,0.667],"y":[1,1,1]},"o":{"x":[0.333,0.333,0.333],"y":[0,0,0]},"n":["0p667_1_0p333_0","0p667_1_0p333_0","0p667_1_0p333_0"],"t":0,"s":[100,82.028,100],"e":[102,83.669,100]},{"i":{"x":[0.667,0.667,0.667],"y":[1,1,1]},"o":{"x":[0.333,0.333,0.333],"y":[0,0,0]},"n":["0p667_1_0p333_0","0p667_1_0p333_0","0p667_1_0p333_0"],"t":4,"s":[102,83.669,100],"e":[73,59.881,100]},{"i":{"x":[0.667,0.667,0.667],"y":[0.655,0.655,1.408]},"o":{"x":[0.333,0.333,0.333],"y":[0,0,0]},"n":["0p667_0p655_0p333_0","0p667_0p655_0p333_0","0p667_1p408_0p333_0"],"t":9,"s":[73,59.881,100],"e":[37.156,30.479,100]},{"t":13}],"ix":6}},"ao":0,"shapes":[{"ty":"gr","it":[{"ind":0,"ty":"sh","ix":1,"ks":{"a":0,"k":{"i":[[27.095,-41.753],[0,-21.765],[-14.214,-21.321],[-31.093,0],[-15.991,23.542],[0,36.423],[21.321,31.981],[13.326,47.528]],"o":[[-19.988,31.537],[0,35.979],[15.991,23.542],[31.093,0],[14.214,-20.877],[0,-21.321],[-26.651,-40.421],[-14.214,46.195]],"v":[[210.819,159.947],[180.836,239.9],[202.157,325.85],[272.783,361.163],[343.408,325.85],[364.729,239.9],[332.748,159.947],[272.783,28.024]],"c":true},"ix":2},"nm":"Path 1","mn":"ADBE Vector Shape - Group","hd":false},{"ty":"fl","c":{"a":0,"k":[0.298039215686,0.721568627451,0.866666666667,1],"ix":4},"o":{"a":0,"k":100,"ix":5},"r":1,"nm":"Fill 1","mn":"ADBE Vector Graphic - Fill","hd":false},{"ty":"tr","p":{"a":0,"k":[253.702,81.937],"ix":2},"a":{"a":0,"k":[270.186,32.939],"ix":1},"s":{"a":0,"k":[100,101.77],"ix":3},"r":{"a":0,"k":5,"ix":6},"o":{"a":0,"k":100,"ix":7},"sk":{"a":1,"k":[{"i":{"x":[0.667],"y":[1]},"o":{"x":[0.333],"y":[0]},"n":["0p667_1_0p333_0"],"t":0,"s":[0],"e":[-9]},{"i":{"x":[0.667],"y":[1]},"o":{"x":[0.333],"y":[0]},"n":["0p667_1_0p333_0"],"t":4,"s":[-9],"e":[-12]},{"i":{"x":[0.667],"y":[0.613]},"o":{"x":[0.333],"y":[0]},"n":["0p667_0p613_0p333_0"],"t":9,"s":[-12],"e":[-19.75]},{"t":13}],"ix":4},"sa":{"a":0,"k":14,"ix":5},"nm":"Transform"}],"nm":"tear","np":2,"cix":2,"ix":1,"mn":"ADBE Vector Group","hd":false}],"ip":0,"op":14,"st":-29,"bm":0}]}],"layers":[{"ddd":0,"ind":2,"ty":0,"nm":"Eye_Brown_LT","refId":"comp_0","sr":1,"ks":{"o":{"a":0,"k":100,"ix":11},"r":{"a":0,"k":0,"ix":10},"p":{"a":0,"k":[540,540,0],"ix":2},"a":{"a":0,"k":[540,540,0],"ix":1},"s":{"a":0,"k":[-100,100,100],"ix":6}},"ao":0,"w":1080,"h":1080,"ip":0,"op":50,"st":0,"bm":0},{"ddd":0,"ind":3,"ty":0,"nm":"Eye_Brown_RT","refId":"comp_0","sr":1,"ks":{"o":{"a":0,"k":100,"ix":11},"r":{"a":0,"k":0,"ix":10},"p":{"a":0,"k":[540,540,0],"ix":2},"a":{"a":0,"k":[540,540,0],"ix":1},"s":{"a":0,"k":[100,100,100],"ix":6}},"ao":0,"w":1080,"h":1080,"ip":0,"op":50,"st":0,"bm":0},{"ddd":0,"ind":4,"ty":0,"nm":"Eyes_Blink_Tears","refId":"comp_1","sr":1,"ks":{"o":{"a":0,"k":100,"ix":11},"r":{"a":0,"k":0,"ix":10},"p":{"a":0,"k":[540,532,0],"ix":2},"a":{"a":0,"k":[540,540,0],"ix":1},"s":{"a":0,"k":[100,100,100],"ix":6}},"ao":0,"w":1080,"h":1080,"ip":0,"op":50,"st":0,"bm":0},{"ddd":0,"ind":5,"ty":4,"nm":"Mouth_Stroke","sr":1,"ks":{"o":{"a":0,"k":100,"ix":11},"r":{"a":0,"k":0,"ix":10},"p":{"a":0,"k":[540,532,0],"ix":2},"a":{"a":0,"k":[0,0,0],"ix":1},"s":{"a":0,"k":[100,100,100],"ix":6}},"ao":0,"shapes":[{"ty":"gr","it":[{"ind":0,"ty":"sh","ix":1,"ks":{"a":1,"k":[{"i":{"x":0.667,"y":1},"o":{"x":0.333,"y":0},"n":"0p667_1_0p333_0","t":0,"s":[{"i":[[0,0],[-10.945,-10.945]],"o":[[247.522,-179.539],[0,0]],"v":[[-256.242,295.201],[250.129,295.201]],"c":false}],"e":[{"i":[[-230.881,194.604],[-10.019,-26.928]],"o":[[242.496,-204.394],[0,0]],"v":[[-248.724,292.695],[240.164,292.714]],"c":false}]},{"i":{"x":0.667,"y":1},"o":{"x":0.333,"y":0},"n":"0p667_1_0p333_0","t":3,"s":[{"i":[[-230.881,194.604],[-10.019,-26.928]],"o":[[242.496,-204.394],[0,0]],"v":[[-248.724,292.695],[240.164,292.714]],"c":false}],"e":[{"i":[[0,0],[-10.945,-10.945]],"o":[[257.488,-179.539],[0,0]],"v":[[-256.242,295.201],[250.129,295.201]],"c":false}]},{"i":{"x":0.667,"y":1},"o":{"x":0.333,"y":0},"n":"0p667_1_0p333_0","t":6,"s":[{"i":[[0,0],[-10.945,-10.945]],"o":[[257.488,-179.539],[0,0]],"v":[[-256.242,295.201],[250.129,295.201]],"c":false}],"e":[{"i":[[0,0],[-39.604,-35.272]],"o":[[230.082,-187.001],[0,0]],"v":[[-243.785,290.226],[237.672,290.226]],"c":false}]},{"i":{"x":0.667,"y":1},"o":{"x":0.333,"y":0},"n":"0p667_1_0p333_0","t":8,"s":[{"i":[[0,0],[-39.604,-35.272]],"o":[[230.082,-187.001],[0,0]],"v":[[-243.785,290.226],[237.672,290.226]],"c":false}],"e":[{"i":[[0,0],[-39.604,-35.272]],"o":[[215.133,-147.203],[0,0]],"v":[[-251.259,290.226],[245.146,292.714]],"c":false}]},{"i":{"x":0.667,"y":1},"o":{"x":0.333,"y":0},"n":"0p667_1_0p333_0","t":11,"s":[{"i":[[0,0],[-39.604,-35.272]],"o":[[215.133,-147.203],[0,0]],"v":[[-251.259,290.226],[245.146,292.714]],"c":false}],"e":[{"i":[[0,0],[-39.604,-35.272]],"o":[[247.522,-194.463],[0,0]],"v":[[-251.259,290.226],[245.146,292.714]],"c":false}]},{"i":{"x":0.667,"y":1},"o":{"x":0.333,"y":0},"n":"0p667_1_0p333_0","t":13,"s":[{"i":[[0,0],[-39.604,-35.272]],"o":[[247.522,-194.463],[0,0]],"v":[[-251.259,290.226],[245.146,292.714]],"c":false}],"e":[{"i":[[0,0],[-49.57,-55.171]],"o":[[220.116,-191.976],[0,0]],"v":[[-238.802,310.125],[232.689,315.1]],"c":false}]},{"i":{"x":0.667,"y":1},"o":{"x":0.333,"y":0},"n":"0p667_1_0p333_0","t":16,"s":[{"i":[[0,0],[-49.57,-55.171]],"o":[[220.116,-191.976],[0,0]],"v":[[-238.802,310.125],[232.689,315.1]],"c":false}],"e":[{"i":[[0,0],[-47.078,-65.12]],"o":[[165.305,-184.513],[0,0]],"v":[[-208.905,280.277],[205.284,282.764]],"c":false}]},{"i":{"x":0.667,"y":1},"o":{"x":0.333,"y":0},"n":"0p667_1_0p333_0","t":20,"s":[{"i":[[0,0],[-47.078,-65.12]],"o":[[165.305,-184.513],[0,0]],"v":[[-208.905,280.277],[205.284,282.764]],"c":false}],"e":[{"i":[[0,0],[-10.945,-10.945]],"o":[[247.522,-179.539],[0,0]],"v":[[-256.242,295.201],[250.129,295.201]],"c":false}]},{"t":25}],"ix":2},"nm":"Path 1","mn":"ADBE Vector Shape - Group","hd":false},{"ty":"st","c":{"a":0,"k":[0,0,0,1],"ix":3},"o":{"a":0,"k":100,"ix":4},"w":{"a":0,"k":53.302,"ix":5},"lc":2,"lj":1,"ml":4,"nm":"Stroke 1","mn":"ADBE Vector Graphic - Stroke","hd":false},{"ty":"tr","p":{"a":0,"k":[0,0],"ix":2},"a":{"a":0,"k":[0,0],"ix":1},"s":{"a":0,"k":[101.48,101.642],"ix":3},"r":{"a":0,"k":0,"ix":6},"o":{"a":0,"k":100,"ix":7},"sk":{"a":0,"k":0,"ix":4},"sa":{"a":0,"k":0,"ix":5},"nm":"Transform"}],"nm":"mouth stroke","np":2,"cix":2,"ix":1,"mn":"ADBE Vector Group","hd":false}],"ip":0,"op":50,"st":0,"bm":0},{"ddd":0,"ind":6,"ty":4,"nm":"Mouth highlight","parent":5,"sr":1,"ks":{"o":{"a":0,"k":100,"ix":11},"r":{"a":0,"k":0,"ix":10},"p":{"a":0,"k":[4,290,0],"ix":2},"a":{"a":0,"k":[4,260,0],"ix":1},"s":{"a":0,"k":[100,100,100],"ix":6}},"ao":0,"shapes":[{"ty":"gr","it":[{"ind":0,"ty":"sh","ix":1,"ks":{"a":1,"k":[{"i":{"x":0.667,"y":1},"o":{"x":0.333,"y":0},"n":"0p667_1_0p333_0","t":0,"s":[{"i":[[0,0],[-10.945,-10.945]],"o":[[248.01,-124.789],[0,0]],"v":[[-258.208,271.547],[248.157,275.465]],"c":false}],"e":[{"i":[[-245.619,175.637],[-10.019,-26.928]],"o":[[220.615,-157.757],[0,0]],"v":[[-248.709,271.032],[240.183,269.095]],"c":false}]},{"i":{"x":0.667,"y":1},"o":{"x":0.333,"y":0},"n":"0p667_1_0p333_0","t":3,"s":[{"i":[[-245.619,175.637],[-10.019,-26.928]],"o":[[220.615,-157.757],[0,0]],"v":[[-248.709,271.032],[240.183,269.095]],"c":false}],"e":[{"i":[[0,0],[-10.945,-10.945]],"o":[[265.922,-134.768],[0,0]],"v":[[-260.208,273.531],[246.159,275.488]],"c":false}]},{"i":{"x":0.667,"y":1},"o":{"x":0.333,"y":0},"n":"0p667_1_0p333_0","t":6,"s":[{"i":[[0,0],[-10.945,-10.945]],"o":[[265.922,-134.768],[0,0]],"v":[[-260.208,273.531],[246.159,275.488]],"c":false}],"e":[{"i":[[0,0],[-39.604,-35.272]],"o":[[209.655,-127.91],[0,0]],"v":[[-245.753,264.647],[241.677,264.657]],"c":false}]},{"i":{"x":0.667,"y":1},"o":{"x":0.333,"y":0},"n":"0p667_1_0p333_0","t":8,"s":[{"i":[[0,0],[-39.604,-35.272]],"o":[[209.655,-127.91],[0,0]],"v":[[-245.753,264.647],[241.677,264.657]],"c":false}],"e":[{"i":[[0,0],[-39.604,-35.272]],"o":[[215.084,-96.613],[0,0]],"v":[[-251.236,264.651],[247.164,265.185]],"c":false}]},{"i":{"x":0.667,"y":1},"o":{"x":0.333,"y":0},"n":"0p667_1_0p333_0","t":11,"s":[{"i":[[0,0],[-39.604,-35.272]],"o":[[215.084,-96.613],[0,0]],"v":[[-251.236,264.651],[247.164,265.185]],"c":false}],"e":[{"i":[[0,0],[-39.604,-35.272]],"o":[[217.149,-139.648],[0,0]],"v":[[-255.219,264.644],[247.164,265.185]],"c":false}]},{"i":{"x":0.667,"y":1},"o":{"x":0.333,"y":0},"n":"0p667_1_0p333_0","t":13,"s":[{"i":[[0,0],[-39.604,-35.272]],"o":[[217.149,-139.648],[0,0]],"v":[[-255.219,264.644],[247.164,265.185]],"c":false}],"e":[{"i":[[0,0],[-49.57,-55.171]],"o":[[176.778,-138.074],[0,0]],"v":[[-240.781,290.415],[232.699,297.349]],"c":false}]},{"i":{"x":0.667,"y":1},"o":{"x":0.333,"y":0},"n":"0p667_1_0p333_0","t":16,"s":[{"i":[[0,0],[-49.57,-55.171]],"o":[[176.778,-138.074],[0,0]],"v":[[-240.781,290.415],[232.699,297.349]],"c":false}],"e":[{"i":[[0,0],[-47.078,-65.12]],"o":[[150.941,-153.213],[0,0]],"v":[[-212.882,264.476],[211.266,265.024]],"c":false}]},{"i":{"x":0.667,"y":1},"o":{"x":0.333,"y":0},"n":"0p667_1_0p333_0","t":20,"s":[{"i":[[0,0],[-47.078,-65.12]],"o":[[150.941,-153.213],[0,0]],"v":[[-212.882,264.476],[211.266,265.024]],"c":false}],"e":[{"i":[[0,0],[-10.945,-10.945]],"o":[[248.01,-124.789],[0,0]],"v":[[-258.208,271.547],[248.157,275.465]],"c":false}]},{"t":25}],"ix":2},"nm":"Path 1","mn":"ADBE Vector Shape - Group","hd":false},{"ty":"st","c":{"a":0,"k":[0.996078431606,0.882352948189,0.329411774874,1],"ix":3},"o":{"a":0,"k":100,"ix":4},"w":{"a":0,"k":39.977,"ix":5},"lc":2,"lj":1,"ml":4,"nm":"Stroke 1","mn":"ADBE Vector Graphic - Stroke","hd":false},{"ty":"tr","p":{"a":0,"k":[0.021,0.144],"ix":2},"a":{"a":0,"k":[0,0],"ix":1},"s":{"a":0,"k":[100.441,102.236],"ix":3},"r":{"a":0,"k":-0.097,"ix":6},"o":{"a":0,"k":100,"ix":7},"sk":{"a":0,"k":0,"ix":4},"sa":{"a":0,"k":0,"ix":5},"nm":"Transform"}],"nm":"mouth highlight 2","np":2,"cix":2,"ix":1,"mn":"ADBE Vector Group","hd":false}],"ip":0,"op":50,"st":0,"bm":0},{"ddd":0,"ind":7,"ty":4,"nm":"mouth shadow ","parent":5,"sr":1,"ks":{"o":{"a":0,"k":70,"ix":11},"r":{"a":0,"k":0,"ix":10},"p":{"a":1,"k":[{"i":{"x":0.667,"y":1},"o":{"x":0.333,"y":0},"n":"0p667_1_0p333_0","t":0,"s":[0,0,0],"e":[2,-20,0],"to":[0.33333334326744,-3.33333325386047,0],"ti":[0,0,0]},{"i":{"x":0.667,"y":1},"o":{"x":0.333,"y":0},"n":"0p667_1_0p333_0","t":3,"s":[2,-20,0],"e":[0,0,0],"to":[0,0,0],"ti":[0,0,0]},{"i":{"x":0.667,"y":1},"o":{"x":0.333,"y":0},"n":"0p667_1_0p333_0","t":6,"s":[0,0,0],"e":[2,-20,0],"to":[0,0,0],"ti":[0,0,0]},{"i":{"x":0.667,"y":1},"o":{"x":0.333,"y":0},"n":"0p667_1_0p333_0","t":8,"s":[2,-20,0],"e":[0,0,0],"to":[0,0,0],"ti":[0,0,0]},{"i":{"x":0.667,"y":1},"o":{"x":0.333,"y":0},"n":"0p667_1_0p333_0","t":11,"s":[0,0,0],"e":[2,-20,0],"to":[0,0,0],"ti":[0,0,0]},{"i":{"x":0.667,"y":1},"o":{"x":0.333,"y":0},"n":"0p667_1_0p333_0","t":13,"s":[2,-20,0],"e":[0,0,0],"to":[0,0,0],"ti":[0.66666668653488,3,0]},{"i":{"x":0.667,"y":1},"o":{"x":0.333,"y":0},"n":"0p667_1_0p333_0","t":16,"s":[0,0,0],"e":[-2,-38,0],"to":[-0.66666668653488,-3,0],"ti":[0,0,0]},{"i":{"x":0.667,"y":1},"o":{"x":0.333,"y":0},"n":"0p667_1_0p333_0","t":20,"s":[-2,-38,0],"e":[0,0,0],"to":[0,0,0],"ti":[-0.33333334326744,-6.33333349227905,0]},{"t":25}],"ix":2},"a":{"a":0,"k":[0,0,0],"ix":1},"s":{"a":1,"k":[{"i":{"x":[0.667,0.667,0.667],"y":[1,1,1]},"o":{"x":[0.333,0.333,0.333],"y":[0,0,0]},"n":["0p667_1_0p333_0","0p667_1_0p333_0","0p667_1_0p333_0"],"t":0,"s":[100,100,100],"e":[115.401,100,100]},{"i":{"x":[0.667,0.667,0.667],"y":[1,1,1]},"o":{"x":[0.333,0.333,0.333],"y":[0,0,0]},"n":["0p667_1_0p333_0","0p667_1_0p333_0","0p667_1_0p333_0"],"t":3,"s":[115.401,100,100],"e":[100,100,100]},{"i":{"x":[0.667,0.667,0.667],"y":[1,1,1]},"o":{"x":[0.333,0.333,0.333],"y":[0,0,0]},"n":["0p667_1_0p333_0","0p667_1_0p333_0","0p667_1_0p333_0"],"t":6,"s":[100,100,100],"e":[115.401,100,100]},{"i":{"x":[0.667,0.667,0.667],"y":[1,1,1]},"o":{"x":[0.333,0.333,0.333],"y":[0,0,0]},"n":["0p667_1_0p333_0","0p667_1_0p333_0","0p667_1_0p333_0"],"t":8,"s":[115.401,100,100],"e":[100,100,100]},{"i":{"x":[0.667,0.667,0.667],"y":[1,1,1]},"o":{"x":[0.333,0.333,0.333],"y":[0,0,0]},"n":["0p667_1_0p333_0","0p667_1_0p333_0","0p667_1_0p333_0"],"t":11,"s":[100,100,100],"e":[115.401,100,100]},{"i":{"x":[0.667,0.667,0.667],"y":[1,1,1]},"o":{"x":[0.333,0.333,0.333],"y":[0,0,0]},"n":["0p667_1_0p333_0","0p667_1_0p333_0","0p667_1_0p333_0"],"t":13,"s":[115.401,100,100],"e":[100,100,100]},{"i":{"x":[0.667,0.667,0.667],"y":[1,1,1]},"o":{"x":[0.333,0.333,0.333],"y":[0,0,0]},"n":["0p667_1_0p333_0","0p667_1_0p333_0","0p667_1_0p333_0"],"t":16,"s":[100,100,100],"e":[100,100,100]},{"i":{"x":[0.667,0.667,0.667],"y":[1,1,1]},"o":{"x":[0.333,0.333,0.333],"y":[0,0,0]},"n":["0p667_1_0p333_0","0p667_1_0p333_0","0p667_1_0p333_0"],"t":20,"s":[100,100,100],"e":[100,100,100]},{"t":25}],"ix":6}},"ao":0,"shapes":[{"ty":"gr","it":[{"ind":0,"ty":"sh","ix":1,"ks":{"a":0,"k":{"i":[[-23.542,10.216],[0,14.658],[23.542,10.216],[33.314,0],[23.098,-10.216],[0,-15.102],[-23.542,-10.66],[-33.314,0]],"o":[[23.542,-10.66],[0,-15.102],[-23.098,-10.216],[-33.314,0],[-23.542,10.216],[0,14.658],[23.098,10.216],[32.87,0]],"v":[[81.561,373.156],[116.874,335.178],[81.561,297.2],[-3.056,281.876],[-87.674,297.2],[-122.986,335.178],[-87.674,373.156],[-3.056,388.48]],"c":true},"ix":2},"nm":"Path 1","mn":"ADBE Vector Shape - Group","hd":false},{"ty":"gf","o":{"a":0,"k":100,"ix":10},"r":1,"g":{"p":5,"k":{"a":0,"k":[0,1,0.416,0,0.001,1,0.416,0,0.002,1,0.416,0,0.262,1,0.416,0,1,1,0.416,0,0,0.686,0.001,0.693,0.002,0.7,0.262,0.4,1,0.1],"ix":9}},"s":{"a":0,"k":[-4,281],"ix":5},"e":{"a":0,"k":[-4,387.604],"ix":6},"t":1,"nm":"Gradient Fill 1","mn":"ADBE Vector Graphic - G-Fill","hd":false},{"ty":"tr","p":{"a":0,"k":[0,0],"ix":2},"a":{"a":0,"k":[0,0],"ix":1},"s":{"a":0,"k":[100,100],"ix":3},"r":{"a":0,"k":0,"ix":6},"o":{"a":0,"k":100,"ix":7},"sk":{"a":0,"k":0,"ix":4},"sa":{"a":0,"k":0,"ix":5},"nm":"Transform"}],"nm":"mouth shadow","np":2,"cix":2,"ix":1,"mn":"ADBE Vector Group","hd":false}],"ip":0,"op":50,"st":0,"bm":0},{"ddd":0,"ind":8,"ty":4,"nm":"FACE_BASE <---","sr":1,"ks":{"o":{"a":0,"k":100,"ix":11},"r":{"a":0,"k":0,"ix":10},"p":{"a":0,"k":[540,532,0],"ix":2},"a":{"a":0,"k":[0,0,0],"ix":1},"s":{"a":0,"k":[100,100,100],"ix":6}},"ao":0,"shapes":[{"ty":"gr","it":[{"ind":0,"ty":"sh","ix":1,"ks":{"a":0,"k":{"i":[[0,147.025],[104.384,103.939],[147.025,0],[104.384,-104.384],[0,-147.025],[-103.939,-103.939],[-147.025,0],[-103.939,103.939]],"o":[[0,-147.025],[-103.939,-104.384],[-147.025,0],[-103.939,103.939],[0,147.469],[104.384,103.939],[147.025,0],[104.384,-104.384]],"v":[[529.966,2.039],[373.391,-374.408],[-3.056,-530.984],[-380.17,-374.408],[-536.079,2.039],[-380.17,379.152],[-3.056,535.061],[373.391,379.152]],"c":true},"ix":2},"nm":"Path 1","mn":"ADBE Vector Shape - Group","hd":false},{"ty":"fl","c":{"a":0,"k":[0.992156863213,0.803921580315,0.301960796118,1],"ix":4},"o":{"a":0,"k":100,"ix":5},"r":1,"nm":"Fill 1","mn":"ADBE Vector Graphic - Fill","hd":false},{"ty":"tr","p":{"a":0,"k":[0.734,5.539],"ix":2},"a":{"a":0,"k":[0,0],"ix":1},"s":{"a":0,"k":[100,100],"ix":3},"r":{"a":0,"k":0,"ix":6},"o":{"a":0,"k":100,"ix":7},"sk":{"a":0,"k":0,"ix":4},"sa":{"a":0,"k":0,"ix":5},"nm":"Transform"}],"nm":"face","np":2,"cix":2,"ix":1,"mn":"ADBE Vector Group","hd":false}],"ip":0,"op":50,"st":0,"bm":0}],"markers":[{"tm":0,"cm":"1","dr":0},{"tm":16,"cm":"2","dr":0},{"tm":20,"cm":"3","dr":0},{"tm":25,"cm":"4","dr":0}]}