{"v":"5.4.1","fr":60,"ip":0,"op":426,"w":1100,"h":1100,"nm":"SettingThingsUp_Spec_LightTheme","ddd":0,"assets":[],"layers":[{"ddd":0,"ind":1,"ty":3,"nm":"Null 10","sr":1,"ks":{"o":{"a":0,"k":0,"ix":11},"r":{"a":0,"k":0,"ix":10},"p":{"a":0,"k":[550,1230,0],"ix":2},"a":{"a":0,"k":[0,0,0],"ix":1},"s":{"a":0,"k":[100,100,100],"ix":6}},"ao":0,"ip":0,"op":426,"st":0,"bm":0},{"ddd":0,"ind":2,"ty":3,"nm":"Null 8","parent":1,"sr":1,"ks":{"o":{"a":0,"k":0,"ix":11},"r":{"a":0,"k":0,"ix":10},"p":{"a":0,"k":[51,-13,0],"ix":2},"a":{"a":0,"k":[0,0,0],"ix":1},"s":{"a":0,"k":[100,100,100],"ix":6}},"ao":0,"ip":267,"op":426,"st":267,"bm":0},{"ddd":0,"ind":3,"ty":4,"nm":"BGCircle 2","parent":1,"td":1,"sr":1,"ks":{"o":{"a":1,"k":[{"i":{"x":[0.833],"y":[1]},"o":{"x":[0.167],"y":[0]},"n":["0p833_1_0p167_0"],"t":267,"s":[100],"e":[100]},{"i":{"x":[0],"y":[1]},"o":{"x":[0.33],"y":[0]},"n":["0_1_0p33_0"],"t":403,"s":[100],"e":[0]},{"t":420}],"ix":11},"r":{"a":0,"k":0,"ix":10},"p":{"a":0,"k":[0,-675.68,0],"ix":2},"a":{"a":0,"k":[22.32,-567.68,0],"ix":1},"s":{"a":0,"k":[80,80,100],"ix":6}},"ao":0,"shapes":[{"ty":"gr","it":[{"d":1,"ty":"el","s":{"a":0,"k":[1156.641,1156.641],"ix":2},"p":{"a":0,"k":[0,0],"ix":3},"nm":"Ellipse Path 1","mn":"ADBE Vector Shape - Ellipse","hd":false},{"ty":"st","c":{"a":0,"k":[0.384313994763,0.392156982422,0.654901960784,1],"ix":3},"o":{"a":0,"k":100,"ix":4},"w":{"a":0,"k":0,"ix":5},"lc":1,"lj":1,"ml":4,"ml2":{"a":0,"k":4,"ix":8},"nm":"Stroke 1","mn":"ADBE Vector Graphic - Stroke","hd":false},{"ty":"fl","c":{"a":0,"k":[0.952941176471,0.949019607843,0.945098039216,1],"ix":4},"o":{"a":0,"k":100,"ix":5},"r":1,"nm":"Fill 1","mn":"ADBE Vector Graphic - Fill","hd":false},{"ty":"tr","p":{"a":0,"k":[22.32,-567.68],"ix":2},"a":{"a":0,"k":[0,0],"ix":1},"s":{"a":0,"k":[100,100],"ix":3},"r":{"a":0,"k":0,"ix":6},"o":{"a":0,"k":100,"ix":7},"sk":{"a":0,"k":0,"ix":4},"sa":{"a":0,"k":0,"ix":5},"nm":"Transform"}],"nm":"Ellipse 1","np":3,"cix":2,"ix":1,"mn":"ADBE Vector Group","hd":false}],"ip":267,"op":426,"st":267,"bm":0},{"ddd":0,"ind":4,"ty":4,"nm":"Top Outlines","parent":2,"tt":1,"sr":1,"ks":{"o":{"a":1,"k":[{"i":{"x":[0.43],"y":[1]},"o":{"x":[0.54],"y":[0]},"n":["0p43_1_0p54_0"],"t":275,"s":[0],"e":[100]},{"t":311}],"ix":11},"r":{"a":1,"k":[{"i":{"x":[0.43],"y":[1]},"o":{"x":[0.54],"y":[0]},"n":["0p43_1_0p54_0"],"t":267,"s":[-42],"e":[0]},{"t":311}],"ix":10},"p":{"a":1,"k":[{"i":{"x":0.43,"y":1},"o":{"x":0.54,"y":0},"n":"0p43_1_0p54_0","t":267,"s":[12.259,12.873,0],"e":[12.259,-382.127,0],"to":[0,0,0],"ti":[0,0,0]},{"t":311}],"ix":2},"a":{"a":0,"k":[182.676,257.738,0],"ix":1},"s":{"a":0,"k":[100,100,100],"ix":6}},"ao":0,"shapes":[{"ty":"gr","it":[{"ind":0,"ty":"sh","ix":1,"ks":{"a":0,"k":{"i":[[-0.104,-3.266],[3.266,-0.104],[0.103,3.267],[-3.266,0.103]],"o":[[0.104,3.266],[-3.266,0.104],[-0.105,-3.266],[3.266,-0.104]],"v":[[5.914,-0.189],[0.188,5.914],[-5.913,0.188],[-0.188,-5.914]],"c":true},"ix":2},"nm":"Path 1","mn":"ADBE Vector Shape - Group","hd":false},{"ty":"fl","c":{"a":0,"k":[0.967999985639,0.776000019148,0.783999992819,1],"ix":4},"o":{"a":0,"k":100,"ix":5},"r":1,"nm":"Fill 1","mn":"ADBE Vector Graphic - Fill","hd":false},{"ty":"tr","p":{"a":0,"k":[152.115,74.217],"ix":2},"a":{"a":0,"k":[0,0],"ix":1},"s":{"a":0,"k":[100,100],"ix":3},"r":{"a":0,"k":0,"ix":6},"o":{"a":0,"k":100,"ix":7},"sk":{"a":0,"k":0,"ix":4},"sa":{"a":0,"k":0,"ix":5},"nm":"Transform"}],"nm":"Group 1","np":2,"cix":2,"ix":1,"mn":"ADBE Vector Group","hd":false},{"ty":"gr","it":[{"ind":0,"ty":"sh","ix":1,"ks":{"a":0,"k":{"i":[[0,0],[0,0],[0.091,2.777],[0,0],[0,0],[-1.106,-0.943]],"o":[[0,0],[-2.824,0.096],[0,0],[0,0],[1.096,-1.024],[0,0]],"v":[[24.684,12.029],[-19.226,13.441],[-24.486,8.501],[-24.684,2.804],[-8.71,-12.471],[-4.687,-12.594]],"c":true},"ix":2},"nm":"Path 1","mn":"ADBE Vector Shape - Group","hd":false},{"ty":"fl","c":{"a":0,"k":[0.967999985639,0.776000019148,0.783999992819,1],"ix":4},"o":{"a":0,"k":100,"ix":5},"r":1,"nm":"Fill 1","mn":"ADBE Vector Graphic - Fill","hd":false},{"ty":"tr","p":{"a":0,"k":[137.39,91.819],"ix":2},"a":{"a":0,"k":[0,0],"ix":1},"s":{"a":0,"k":[100,100],"ix":3},"r":{"a":0,"k":0,"ix":6},"o":{"a":0,"k":100,"ix":7},"sk":{"a":0,"k":0,"ix":4},"sa":{"a":0,"k":0,"ix":5},"nm":"Transform"}],"nm":"Group 2","np":2,"cix":2,"ix":2,"mn":"ADBE Vector Group","hd":false},{"ty":"gr","it":[{"ind":0,"ty":"sh","ix":1,"ks":{"a":0,"k":{"i":[[-0.097,-2.825],[0,0],[2.829,-0.049],[0,0],[0,0],[0.09,2.777],[0,0],[0,0],[-2.825,0.096],[0,0]],"o":[[0,0],[0.096,2.825],[0,0],[0,0],[-2.824,0.096],[0,0],[0,0],[-0.092,-2.777],[0,0],[2.824,-0.097]],"v":[[28.973,-19.005],[30.115,17.1],[25.176,22.361],[20.198,22.533],[-23.712,23.945],[-28.971,19.005],[-29.17,13.308],[-30.119,-17.148],[-25.18,-22.408],[23.712,-23.944]],"c":true},"ix":2},"nm":"Path 1","mn":"ADBE Vector Shape - Group","hd":false},{"ty":"fl","c":{"a":0,"k":[0.935999971278,0.561999990426,0.583000033509,1],"ix":4},"o":{"a":0,"k":100,"ix":5},"r":1,"nm":"Fill 1","mn":"ADBE Vector Graphic - Fill","hd":false},{"ty":"tr","p":{"a":0,"k":[141.876,81.315],"ix":2},"a":{"a":0,"k":[0,0],"ix":1},"s":{"a":0,"k":[100,100],"ix":3},"r":{"a":0,"k":0,"ix":6},"o":{"a":0,"k":100,"ix":7},"sk":{"a":0,"k":0,"ix":4},"sa":{"a":0,"k":0,"ix":5},"nm":"Transform"}],"nm":"Group 3","np":2,"cix":2,"ix":3,"mn":"ADBE Vector Group","hd":false},{"ty":"gr","it":[{"ind":0,"ty":"sh","ix":1,"ks":{"a":0,"k":{"i":[[0,0],[0,0],[0.162,5.072],[0,0]],"o":[[0,0],[-5.072,0.163],[0,0],[0,0]],"v":[[20.975,19.09],[-10.491,20.096],[-19.968,11.206],[-20.975,-20.259]],"c":true},"ix":2},"nm":"Path 1","mn":"ADBE Vector Shape - Group","hd":false},{"ty":"fl","c":{"a":0,"k":[0.704000016755,0.688000009574,0.672000002394,1],"ix":4},"o":{"a":0,"k":100,"ix":5},"r":1,"nm":"Fill 1","mn":"ADBE Vector Graphic - Fill","hd":false},{"ty":"tr","p":{"a":0,"k":[174.95,20.509],"ix":2},"a":{"a":0,"k":[0,0],"ix":1},"s":{"a":0,"k":[100,100],"ix":3},"r":{"a":0,"k":0,"ix":6},"o":{"a":0,"k":100,"ix":7},"sk":{"a":0,"k":0,"ix":4},"sa":{"a":0,"k":0,"ix":5},"nm":"Transform"}],"nm":"Group 4","np":2,"cix":2,"ix":4,"mn":"ADBE Vector Group","hd":false},{"ty":"gr","it":[{"ind":0,"ty":"sh","ix":1,"ks":{"a":0,"k":{"i":[[0.552,-0.02],[0,0],[0.02,0.552],[0,0],[-0.551,0.02],[0,0],[-0.02,-0.553],[0,0]],"o":[[0,0],[-0.552,0.019],[0,0],[-0.021,-0.552],[0,0],[0.552,-0.02],[0,0],[0.02,0.552]],"v":[[71.498,8.522],[-70.689,13.696],[-71.725,12.734],[-72.46,-7.487],[-71.498,-8.521],[70.69,-13.695],[71.726,-12.732],[72.461,7.487]],"c":true},"ix":2},"nm":"Path 1","mn":"ADBE Vector Shape - Group","hd":false},{"ty":"fl","c":{"a":0,"k":[0.704000016755,0.688000009574,0.672000002394,1],"ix":4},"o":{"a":0,"k":100,"ix":5},"r":1,"nm":"Fill 1","mn":"ADBE Vector Graphic - Fill","hd":false},{"ty":"tr","p":{"a":0,"k":[104.148,173.625],"ix":2},"a":{"a":0,"k":[0,0],"ix":1},"s":{"a":0,"k":[100,100],"ix":3},"r":{"a":0,"k":0,"ix":6},"o":{"a":0,"k":100,"ix":7},"sk":{"a":0,"k":0,"ix":4},"sa":{"a":0,"k":0,"ix":5},"nm":"Transform"}],"nm":"Group 5","np":2,"cix":2,"ix":5,"mn":"ADBE Vector Group","hd":false},{"ty":"gr","it":[{"ind":0,"ty":"sh","ix":1,"ks":{"a":0,"k":{"i":[[0.552,-0.02],[0,0],[0.02,0.552],[0,0],[-0.551,0.021],[0,0],[-0.02,-0.552],[0,0]],"o":[[0,0],[-0.552,0.02],[0,0],[-0.021,-0.552],[0,0],[0.552,-0.02],[0,0],[0.02,0.552]],"v":[[71.498,8.522],[-70.689,13.695],[-71.725,12.732],[-72.46,-7.487],[-71.498,-8.523],[70.69,-13.695],[71.726,-12.732],[72.461,7.487]],"c":true},"ix":2},"nm":"Path 1","mn":"ADBE Vector Shape - Group","hd":false},{"ty":"fl","c":{"a":0,"k":[0.704000016755,0.688000009574,0.672000002394,1],"ix":4},"o":{"a":0,"k":100,"ix":5},"r":1,"nm":"Fill 1","mn":"ADBE Vector Graphic - Fill","hd":false},{"ty":"tr","p":{"a":0,"k":[102.559,129.953],"ix":2},"a":{"a":0,"k":[0,0],"ix":1},"s":{"a":0,"k":[100,100],"ix":3},"r":{"a":0,"k":0,"ix":6},"o":{"a":0,"k":100,"ix":7},"sk":{"a":0,"k":0,"ix":4},"sa":{"a":0,"k":0,"ix":5},"nm":"Transform"}],"nm":"Group 6","np":2,"cix":2,"ix":6,"mn":"ADBE Vector Group","hd":false},{"ty":"gr","it":[{"ind":0,"ty":"sh","ix":1,"ks":{"a":0,"k":{"i":[[0.552,-0.02],[0,0],[0.02,0.552],[0,0],[-0.552,0.02],[0,0],[-0.02,-0.552],[0,0]],"o":[[0,0],[-0.552,0.02],[0,0],[-0.02,-0.552],[0,0],[0.552,-0.02],[0,0],[0.019,0.552]],"v":[[32.714,9.933],[-31.905,12.284],[-32.94,11.321],[-33.676,-8.898],[-32.713,-9.933],[31.904,-12.284],[32.94,-11.321],[33.676,8.898]],"c":true},"ix":2},"nm":"Path 1","mn":"ADBE Vector Shape - Group","hd":false},{"ty":"fl","c":{"a":0,"k":[0.704000016755,0.688000009574,0.672000002394,1],"ix":4},"o":{"a":0,"k":100,"ix":5},"r":1,"nm":"Fill 1","mn":"ADBE Vector Graphic - Fill","hd":false},{"ty":"tr","p":{"a":0,"k":[63.372,87.512],"ix":2},"a":{"a":0,"k":[0,0],"ix":1},"s":{"a":0,"k":[100,100],"ix":3},"r":{"a":0,"k":0,"ix":6},"o":{"a":0,"k":100,"ix":7},"sk":{"a":0,"k":0,"ix":4},"sa":{"a":0,"k":0,"ix":5},"nm":"Transform"}],"nm":"Group 7","np":2,"cix":2,"ix":7,"mn":"ADBE Vector Group","hd":false},{"ty":"gr","it":[{"ind":0,"ty":"sh","ix":1,"ks":{"a":0,"k":{"i":[[0,0],[0,0],[0,0],[0,0],[0,0],[0,0],[-8.26,0.271]],"o":[[0,0],[0,0],[0,0],[0,0],[0,0],[0.271,8.26],[0,0]],"v":[[94.752,-77.843],[100.939,110.784],[-93.419,117.158],[-100.939,-112.117],[52.771,-117.158],[53.613,-91.465],[69.059,-77]],"c":true},"ix":2},"nm":"Path 1","mn":"ADBE Vector Shape - Group","hd":false},{"ty":"fl","c":{"a":0,"k":[1,1,1,1],"ix":4},"o":{"a":0,"k":100,"ix":5},"r":1,"nm":"Fill 1","mn":"ADBE Vector Graphic - Fill","hd":false},{"ty":"tr","p":{"a":0,"k":[101.189,117.425],"ix":2},"a":{"a":0,"k":[0,0],"ix":1},"s":{"a":0,"k":[100,100],"ix":3},"r":{"a":0,"k":0,"ix":6},"o":{"a":0,"k":100,"ix":7},"sk":{"a":0,"k":0,"ix":4},"sa":{"a":0,"k":0,"ix":5},"nm":"Transform"}],"nm":"Group 8","np":2,"cix":2,"ix":8,"mn":"ADBE Vector Group","hd":false}],"ip":267,"op":426,"st":258,"bm":0},{"ddd":0,"ind":5,"ty":4,"nm":"BGCircle 3","parent":1,"td":1,"sr":1,"ks":{"o":{"a":1,"k":[{"i":{"x":[0.833],"y":[1]},"o":{"x":[0.167],"y":[0]},"n":["0p833_1_0p167_0"],"t":267,"s":[100],"e":[100]},{"i":{"x":[0],"y":[1]},"o":{"x":[0.33],"y":[0]},"n":["0_1_0p33_0"],"t":403,"s":[100],"e":[0]},{"t":420}],"ix":11},"r":{"a":0,"k":0,"ix":10},"p":{"a":0,"k":[0,-675.68,0],"ix":2},"a":{"a":0,"k":[22.32,-567.68,0],"ix":1},"s":{"a":0,"k":[80,80,100],"ix":6}},"ao":0,"shapes":[{"ty":"gr","it":[{"d":1,"ty":"el","s":{"a":0,"k":[1156.641,1156.641],"ix":2},"p":{"a":0,"k":[0,0],"ix":3},"nm":"Ellipse Path 1","mn":"ADBE Vector Shape - Ellipse","hd":false},{"ty":"st","c":{"a":0,"k":[0.384313994763,0.392156982422,0.654901960784,1],"ix":3},"o":{"a":0,"k":100,"ix":4},"w":{"a":0,"k":0,"ix":5},"lc":1,"lj":1,"ml":4,"ml2":{"a":0,"k":4,"ix":8},"nm":"Stroke 1","mn":"ADBE Vector Graphic - Stroke","hd":false},{"ty":"fl","c":{"a":0,"k":[0.952941176471,0.949019607843,0.945098039216,1],"ix":4},"o":{"a":0,"k":100,"ix":5},"r":1,"nm":"Fill 1","mn":"ADBE Vector Graphic - Fill","hd":false},{"ty":"tr","p":{"a":0,"k":[22.32,-567.68],"ix":2},"a":{"a":0,"k":[0,0],"ix":1},"s":{"a":0,"k":[100,100],"ix":3},"r":{"a":0,"k":0,"ix":6},"o":{"a":0,"k":100,"ix":7},"sk":{"a":0,"k":0,"ix":4},"sa":{"a":0,"k":0,"ix":5},"nm":"Transform"}],"nm":"Ellipse 1","np":3,"cix":2,"ix":1,"mn":"ADBE Vector Group","hd":false}],"ip":267,"op":426,"st":267,"bm":0},{"ddd":0,"ind":6,"ty":4,"nm":"Middle Outlines","parent":2,"tt":1,"sr":1,"ks":{"o":{"a":1,"k":[{"i":{"x":[0.43],"y":[1]},"o":{"x":[0.54],"y":[0]},"n":["0p43_1_0p54_0"],"t":280,"s":[0],"e":[100]},{"t":316}],"ix":11},"r":{"a":1,"k":[{"i":{"x":[0.43],"y":[1]},"o":{"x":[0.54],"y":[0]},"n":["0p43_1_0p54_0"],"t":272,"s":[-19],"e":[0]},{"t":316}],"ix":10},"p":{"a":1,"k":[{"i":{"x":0.43,"y":1},"o":{"x":0.54,"y":0},"n":"0p43_1_0p54_0","t":272,"s":[20.946,6.483,0],"e":[18.946,-393.517,0],"to":[0,0,0],"ti":[0,0,0]},{"t":316}],"ix":2},"a":{"a":0,"k":[259.282,219.196,0],"ix":1},"s":{"a":0,"k":[100,100,100],"ix":6}},"ao":0,"shapes":[{"ty":"gr","it":[{"ind":0,"ty":"sh","ix":1,"ks":{"a":0,"k":{"i":[[0,0],[0,0],[0,0],[0,0],[0,0],[1.381,8.149],[0,0]],"o":[[0,0],[0,0],[0,0],[0,0],[-8.148,1.382],[0,0],[0,0]],"v":[[-115.032,-100.237],[-76.697,125.936],[115.032,93.439],[83.493,-92.636],[58.147,-88.339],[40.894,-100.592],[36.598,-125.936]],"c":true},"ix":2},"nm":"Path 2","mn":"ADBE Vector Shape - Group","hd":false},{"ty":"gf","o":{"a":0,"k":100,"ix":10},"r":1,"g":{"p":3,"k":{"a":0,"k":[0,0.816,0.804,0.792,0.4,0.908,0.902,0.896,0.999,1,1,1,0,1,0.5,0.96,1,0.92],"ix":9}},"s":{"a":0,"k":[39.531,-89.32],"ix":5},"e":{"a":0,"k":[-126.438,223.57],"ix":6},"t":1,"nm":"Gradient Fill 1","mn":"ADBE Vector Graphic - G-Fill","hd":false},{"ty":"tr","p":{"a":0,"k":[115.282,126.206],"ix":2},"a":{"a":0,"k":[0,0],"ix":1},"s":{"a":0,"k":[100,100],"ix":3},"r":{"a":0,"k":0,"ix":6},"o":{"a":0,"k":100,"ix":7},"sk":{"a":0,"k":0,"ix":4},"sa":{"a":0,"k":0,"ix":5},"nm":"Transform"}],"nm":"Group 5","np":2,"cix":2,"ix":1,"mn":"ADBE Vector Group","hd":false}],"ip":267,"op":426,"st":263,"bm":0},{"ddd":0,"ind":7,"ty":4,"nm":"BGCircle 4","parent":1,"td":1,"sr":1,"ks":{"o":{"a":1,"k":[{"i":{"x":[0.833],"y":[1]},"o":{"x":[0.167],"y":[0]},"n":["0p833_1_0p167_0"],"t":267,"s":[100],"e":[100]},{"i":{"x":[0],"y":[1]},"o":{"x":[0.33],"y":[0]},"n":["0_1_0p33_0"],"t":403,"s":[100],"e":[0]},{"t":420}],"ix":11},"r":{"a":0,"k":0,"ix":10},"p":{"a":0,"k":[0,-675.7,0],"ix":2},"a":{"a":0,"k":[22.32,-567.68,0],"ix":1},"s":{"a":0,"k":[80,80,100],"ix":6}},"ao":0,"shapes":[{"ty":"gr","it":[{"d":1,"ty":"el","s":{"a":0,"k":[1156.641,1156.641],"ix":2},"p":{"a":0,"k":[0,0],"ix":3},"nm":"Ellipse Path 1","mn":"ADBE Vector Shape - Ellipse","hd":false},{"ty":"st","c":{"a":0,"k":[0.384313994763,0.392156982422,0.654901960784,1],"ix":3},"o":{"a":0,"k":100,"ix":4},"w":{"a":0,"k":0,"ix":5},"lc":1,"lj":1,"ml":4,"ml2":{"a":0,"k":4,"ix":8},"nm":"Stroke 1","mn":"ADBE Vector Graphic - Stroke","hd":false},{"ty":"fl","c":{"a":0,"k":[0.952941176471,0.949019607843,0.945098039216,1],"ix":4},"o":{"a":0,"k":100,"ix":5},"r":1,"nm":"Fill 1","mn":"ADBE Vector Graphic - Fill","hd":false},{"ty":"tr","p":{"a":0,"k":[22.32,-567.68],"ix":2},"a":{"a":0,"k":[0,0],"ix":1},"s":{"a":0,"k":[100,100],"ix":3},"r":{"a":0,"k":0,"ix":6},"o":{"a":0,"k":100,"ix":7},"sk":{"a":0,"k":0,"ix":4},"sa":{"a":0,"k":0,"ix":5},"nm":"Transform"}],"nm":"Ellipse 1","np":3,"cix":2,"ix":1,"mn":"ADBE Vector Group","hd":false}],"ip":267,"op":426,"st":267,"bm":0},{"ddd":0,"ind":8,"ty":4,"nm":"Bottom Outlines","parent":2,"tt":1,"sr":1,"ks":{"o":{"a":1,"k":[{"i":{"x":[0.43],"y":[1]},"o":{"x":[0.54],"y":[0]},"n":["0p43_1_0p54_0"],"t":286,"s":[0],"e":[80]},{"t":319}],"ix":11},"r":{"a":1,"k":[{"i":{"x":[0.43],"y":[1]},"o":{"x":[0.54],"y":[0]},"n":["0p43_1_0p54_0"],"t":275,"s":[-9],"e":[0]},{"t":319}],"ix":10},"p":{"a":1,"k":[{"i":{"x":0.43,"y":1},"o":{"x":0.54,"y":0},"n":"0p43_1_0p54_0","t":275,"s":[12.897,15.562,0],"e":[6.897,-390.438,0],"to":[0,0,0],"ti":[0,0,0]},{"t":319}],"ix":2},"a":{"a":0,"k":[300.638,190.688,0],"ix":1},"s":{"a":0,"k":[100,100,100],"ix":6}},"ao":0,"shapes":[{"ty":"gr","it":[{"ind":0,"ty":"sh","ix":1,"ks":{"a":0,"k":{"i":[[0,0],[0,0],[0,0],[0,0],[0,0],[2.909,7.735],[0,0]],"o":[[0,0],[0,0],[0,0],[0,0],[-7.735,2.909],[0,0],[0,0]],"v":[[-131.387,-80.283],[-50.624,134.428],[131.387,65.965],[64.943,-110.68],[40.882,-101.629],[21.61,-110.367],[12.559,-134.428]],"c":true},"ix":2},"nm":"Path 2","mn":"ADBE Vector Shape - Group","hd":false},{"ty":"gf","o":{"a":0,"k":100,"ix":10},"r":1,"g":{"p":3,"k":{"a":0,"k":[0,0.817,0.805,0.792,0.4,0.908,0.902,0.896,0.999,1,1,1,0,1,0.5,0.96,1,0.92],"ix":9}},"s":{"a":0,"k":[-17.813,44.328],"ix":5},"e":{"a":0,"k":[-91.695,227.32],"ix":6},"t":1,"nm":"Gradient Fill 1","mn":"ADBE Vector Graphic - G-Fill","hd":false},{"ty":"tr","p":{"a":0,"k":[131.637,134.699],"ix":2},"a":{"a":0,"k":[0,0],"ix":1},"s":{"a":0,"k":[100,100],"ix":3},"r":{"a":0,"k":0,"ix":6},"o":{"a":0,"k":100,"ix":7},"sk":{"a":0,"k":0,"ix":4},"sa":{"a":0,"k":0,"ix":5},"nm":"Transform"}],"nm":"Group 2","np":2,"cix":2,"ix":1,"mn":"ADBE Vector Group","hd":false}],"ip":274,"op":426,"st":266,"bm":0},{"ddd":0,"ind":9,"ty":3,"nm":"Null 4","sr":1,"ks":{"o":{"a":0,"k":0,"ix":11},"r":{"a":0,"k":49,"ix":10},"p":{"a":0,"k":[550,830,0],"ix":2},"a":{"a":0,"k":[0,0,0],"ix":1},"s":{"a":0,"k":[100,100,100],"ix":6}},"ao":0,"ip":0,"op":426,"st":0,"bm":0},{"ddd":0,"ind":11,"ty":4,"nm":"Line1_Matte","parent":12,"td":1,"sr":1,"ks":{"o":{"a":0,"k":100,"ix":11},"r":{"a":0,"k":0,"ix":10},"p":{"a":1,"k":[{"i":{"x":0.2,"y":1},"o":{"x":0.4,"y":0},"n":"0p2_1_0p4_0","t":19,"s":[-133.055,-735.715,0],"e":[-56.805,-735.715,0],"to":[0,0,0],"ti":[0,0,0]},{"t":82}],"ix":2},"a":{"a":0,"k":[-56.805,-735.715,0],"ix":1},"s":{"a":0,"k":[100,100,100],"ix":6}},"ao":0,"shapes":[{"ty":"gr","it":[{"ty":"rc","d":1,"s":{"a":0,"k":[72,8],"ix":2},"p":{"a":0,"k":[0,0],"ix":3},"r":{"a":0,"k":0,"ix":4},"nm":"Rectangle Path 1","mn":"ADBE Vector Shape - Rect","hd":false},{"ty":"fl","c":{"a":0,"k":[0.701960802078,0.686274528503,0.670588254929,1],"ix":4},"o":{"a":0,"k":100,"ix":5},"r":1,"nm":"Fill 1","mn":"ADBE Vector Graphic - Fill","hd":false},{"ty":"tr","p":{"a":0,"k":[-49.888,-735.592],"ix":2},"a":{"a":0,"k":[-29.083,0.123],"ix":1},"s":{"a":0,"k":[100,100],"ix":3},"r":{"a":0,"k":0,"ix":6},"o":{"a":0,"k":100,"ix":7},"sk":{"a":0,"k":0,"ix":4},"sa":{"a":0,"k":0,"ix":5},"nm":"Transform"}],"nm":"Rectangle 1","np":2,"cix":2,"ix":1,"mn":"ADBE Vector Group","hd":false},{"ty":"rd","nm":"Round Corners 1","r":{"a":0,"k":1.3,"ix":1},"ix":2,"mn":"ADBE Vector Filter - RC","hd":false}],"ip":0,"op":426,"st":0,"bm":0},{"ddd":0,"ind":12,"ty":4,"nm":"Line1","parent":22,"tt":1,"sr":1,"ks":{"o":{"a":1,"k":[{"i":{"x":[0.833],"y":[0.833]},"o":{"x":[0.167],"y":[0.167]},"n":["0p833_0p833_0p167_0p167"],"t":129,"s":[50],"e":[100]},{"i":{"x":[0],"y":[1]},"o":{"x":[0.167],"y":[0]},"n":["0_1_0p167_0"],"t":134,"s":[100],"e":[100]},{"i":{"x":[0],"y":[1]},"o":{"x":[0.33],"y":[0]},"n":["0_1_0p33_0"],"t":403,"s":[100],"e":[0]},{"t":420}],"ix":11},"r":{"a":0,"k":-2,"ix":10},"p":{"a":0,"k":[-45.365,-13.6,0],"ix":2},"a":{"a":0,"k":[-56.805,-735.715,0],"ix":1},"s":{"a":0,"k":[100,100,100],"ix":6}},"ao":0,"shapes":[{"ty":"gr","it":[{"ty":"rc","d":1,"s":{"a":0,"k":[72,8],"ix":2},"p":{"a":0,"k":[0,0],"ix":3},"r":{"a":0,"k":0,"ix":4},"nm":"Rectangle Path 1","mn":"ADBE Vector Shape - Rect","hd":false},{"ty":"fl","c":{"a":0,"k":[0.701960802078,0.686274528503,0.670588254929,1],"ix":4},"o":{"a":0,"k":100,"ix":5},"r":1,"nm":"Fill 1","mn":"ADBE Vector Graphic - Fill","hd":false},{"ty":"tr","p":{"a":0,"k":[-49.888,-735.592],"ix":2},"a":{"a":0,"k":[-29.083,0.123],"ix":1},"s":{"a":0,"k":[100,100],"ix":3},"r":{"a":0,"k":0,"ix":6},"o":{"a":0,"k":100,"ix":7},"sk":{"a":0,"k":0,"ix":4},"sa":{"a":0,"k":0,"ix":5},"nm":"Transform"}],"nm":"Rectangle 1","np":2,"cix":2,"ix":1,"mn":"ADBE Vector Group","hd":false},{"ty":"rd","nm":"Round Corners 1","r":{"a":0,"k":1.3,"ix":1},"ix":2,"mn":"ADBE Vector Filter - RC","hd":false}],"ip":0,"op":426,"st":0,"bm":0},{"ddd":0,"ind":13,"ty":4,"nm":"Line2_Matte","parent":14,"td":1,"sr":1,"ks":{"o":{"a":0,"k":100,"ix":11},"r":{"a":0,"k":0,"ix":10},"p":{"a":1,"k":[{"i":{"x":0.2,"y":1},"o":{"x":0.4,"y":0},"n":"0p2_1_0p4_0","t":29,"s":[-133.055,-735.715,0],"e":[-72.805,-735.715,0],"to":[0,0,0],"ti":[0,0,0]},{"t":92}],"ix":2},"a":{"a":0,"k":[-56.805,-735.715,0],"ix":1},"s":{"a":0,"k":[100,100,100],"ix":6}},"ao":0,"shapes":[{"ty":"gr","it":[{"ty":"rc","d":1,"s":{"a":0,"k":[72,8],"ix":2},"p":{"a":0,"k":[0,0],"ix":3},"r":{"a":0,"k":0,"ix":4},"nm":"Rectangle Path 1","mn":"ADBE Vector Shape - Rect","hd":false},{"ty":"fl","c":{"a":0,"k":[0.701960802078,0.686274528503,0.670588254929,1],"ix":4},"o":{"a":0,"k":100,"ix":5},"r":1,"nm":"Fill 1","mn":"ADBE Vector Graphic - Fill","hd":false},{"ty":"tr","p":{"a":0,"k":[-49.888,-735.592],"ix":2},"a":{"a":0,"k":[-29.083,0.123],"ix":1},"s":{"a":0,"k":[100,100],"ix":3},"r":{"a":0,"k":0,"ix":6},"o":{"a":0,"k":100,"ix":7},"sk":{"a":0,"k":0,"ix":4},"sa":{"a":0,"k":0,"ix":5},"nm":"Transform"}],"nm":"Rectangle 1","np":2,"cix":2,"ix":1,"mn":"ADBE Vector Group","hd":false},{"ty":"rd","nm":"Round Corners 1","r":{"a":0,"k":1.3,"ix":1},"ix":2,"mn":"ADBE Vector Filter - RC","hd":false}],"ip":0,"op":426,"st":0,"bm":0},{"ddd":0,"ind":14,"ty":4,"nm":"Line2","parent":22,"tt":1,"sr":1,"ks":{"o":{"a":1,"k":[{"i":{"x":[0.833],"y":[0.833]},"o":{"x":[0.167],"y":[0.167]},"n":["0p833_0p833_0p167_0p167"],"t":129,"s":[50],"e":[100]},{"i":{"x":[0],"y":[1]},"o":{"x":[0.167],"y":[0]},"n":["0_1_0p167_0"],"t":134,"s":[100],"e":[100]},{"i":{"x":[0],"y":[1]},"o":{"x":[0.33],"y":[0]},"n":["0_1_0p33_0"],"t":403,"s":[100],"e":[0]},{"t":420}],"ix":11},"r":{"a":0,"k":-2,"ix":10},"p":{"a":0,"k":[-44.851,1.141,0],"ix":2},"a":{"a":0,"k":[-56.805,-735.715,0],"ix":1},"s":{"a":0,"k":[100,100,100],"ix":6}},"ao":0,"shapes":[{"ty":"gr","it":[{"ty":"rc","d":1,"s":{"a":0,"k":[72,8],"ix":2},"p":{"a":0,"k":[0,0],"ix":3},"r":{"a":0,"k":0,"ix":4},"nm":"Rectangle Path 1","mn":"ADBE Vector Shape - Rect","hd":false},{"ty":"fl","c":{"a":0,"k":[0.701960802078,0.686274528503,0.670588254929,1],"ix":4},"o":{"a":0,"k":100,"ix":5},"r":1,"nm":"Fill 1","mn":"ADBE Vector Graphic - Fill","hd":false},{"ty":"tr","p":{"a":0,"k":[-49.888,-735.592],"ix":2},"a":{"a":0,"k":[-29.083,0.123],"ix":1},"s":{"a":0,"k":[100,100],"ix":3},"r":{"a":0,"k":0,"ix":6},"o":{"a":0,"k":100,"ix":7},"sk":{"a":0,"k":0,"ix":4},"sa":{"a":0,"k":0,"ix":5},"nm":"Transform"}],"nm":"Rectangle 1","np":2,"cix":2,"ix":1,"mn":"ADBE Vector Group","hd":false},{"ty":"rd","nm":"Round Corners 1","r":{"a":0,"k":1.3,"ix":1},"ix":2,"mn":"ADBE Vector Filter - RC","hd":false}],"ip":0,"op":426,"st":0,"bm":0},{"ddd":0,"ind":15,"ty":4,"nm":"Notification","parent":22,"sr":1,"ks":{"o":{"a":1,"k":[{"i":{"x":[0],"y":[1]},"o":{"x":[0.33],"y":[0]},"n":["0_1_0p33_0"],"t":403,"s":[100],"e":[0]},{"t":420}],"ix":11},"r":{"a":0,"k":-0.456,"ix":10},"p":{"a":0,"k":[58.163,-18.421,0],"ix":2},"a":{"a":0,"k":[168,-842,0],"ix":1},"s":{"a":1,"k":[{"i":{"x":[0,0,0],"y":[1,1,1]},"o":{"x":[0.33,0.33,0.33],"y":[0,0,0]},"n":["0_1_0p33_0","0_1_0p33_0","0_1_0p33_0"],"t":37,"s":[0,0,100],"e":[27,27,100]},{"i":{"x":[0.78,0.78,0.78],"y":[1,1,1]},"o":{"x":[1,1,1],"y":[0,0,0]},"n":["0p78_1_1_0","0p78_1_1_0","0p78_1_1_0"],"t":59,"s":[27,27,100],"e":[20,20,100]},{"i":{"x":[0.78,0.78,0.78],"y":[1,1,1]},"o":{"x":[0.33,0.33,0.33],"y":[0,0,0]},"n":["0p78_1_0p33_0","0p78_1_0p33_0","0p78_1_0p33_0"],"t":75,"s":[20,20,100],"e":[25,25,100]},{"t":91}],"ix":6}},"ao":0,"shapes":[{"ty":"gr","it":[{"d":1,"ty":"el","s":{"a":0,"k":[83,83],"ix":2},"p":{"a":0,"k":[0,0],"ix":3},"nm":"Ellipse Path 1","mn":"ADBE Vector Shape - Ellipse","hd":false},{"ty":"tr","p":{"a":0,"k":[168,-842],"ix":2},"a":{"a":0,"k":[0,0],"ix":1},"s":{"a":0,"k":[100,100],"ix":3},"r":{"a":0,"k":0,"ix":6},"o":{"a":0,"k":100,"ix":7},"sk":{"a":0,"k":0,"ix":4},"sa":{"a":0,"k":0,"ix":5},"nm":"Transform"}],"nm":"Ellipse 1","np":1,"cix":2,"ix":1,"mn":"ADBE Vector Group","hd":false},{"ty":"fl","c":{"a":1,"k":[{"i":{"x":[0.67],"y":[1]},"o":{"x":[0.33],"y":[0]},"n":["0p67_1_0p33_0"],"t":129,"s":[0.835294187069,0.831372618675,0.831372618675,1],"e":[0.89411765337,0.388235300779,0.415686279535,1]},{"t":134}],"ix":4},"o":{"a":0,"k":100,"ix":5},"r":1,"nm":"Fill 1","mn":"ADBE Vector Graphic - Fill","hd":false}],"ip":36,"op":426,"st":12,"bm":0},{"ddd":0,"ind":16,"ty":4,"nm":"MessageBubble1_Stroked","parent":1,"sr":1,"ks":{"o":{"a":0,"k":100,"ix":11},"r":{"a":1,"k":[{"i":{"x":[0],"y":[1]},"o":{"x":[0.33],"y":[0]},"n":["0_1_0p33_0"],"t":179,"s":[2],"e":[-6]},{"i":{"x":[0.78],"y":[1]},"o":{"x":[0.6],"y":[0]},"n":["0p78_1_0p6_0"],"t":201,"s":[-6],"e":[1]},{"i":{"x":[0.67],"y":[1]},"o":{"x":[0.33],"y":[0]},"n":["0p67_1_0p33_0"],"t":216,"s":[1],"e":[0]},{"t":232}],"ix":10},"p":{"a":1,"k":[{"i":{"x":0.1,"y":1},"o":{"x":0.33,"y":0},"n":"0p1_1_0p33_0","t":179,"s":[-120.78,-582.803,0],"e":[-160.78,-622.803,0],"to":[0,0,0],"ti":[0,0,0]},{"t":201}],"ix":2},"a":{"a":0,"k":[-28.78,24.197,0],"ix":1},"s":{"a":0,"k":[400,400,100],"ix":6}},"ao":0,"shapes":[{"ty":"gr","it":[{"ind":0,"ty":"sh","ix":1,"ks":{"a":0,"k":{"i":[[0,0],[2.76,-0.09],[0,0],[-0.03,-3.25],[1.3,1.41],[0,0],[0,0],[0.09,2.76],[0,0],[-2.76,0.1],[0,0],[-0.1,-2.76]],"o":[[0.09,2.76],[0,0],[0.1,3.59],[0.01,1.92],[0,0],[0,0],[-2.76,0.1],[0,0],[-0.1,-2.76],[0,0],[2.76,-0.1],[0,0]],"v":[[60.5,15.9],[55.67,21.06],[-22.21,23.74],[-22.03,34.77],[-25.68,36.21],[-36.76,24.24],[-53.65,24.82],[-58.82,20],[-60.49,-28.6],[-55.67,-33.77],[53.66,-37.52],[58.83,-32.7]],"c":true},"ix":2},"nm":"Path 1","mn":"ADBE Vector Shape - Group","hd":false},{"ty":"st","c":{"a":0,"k":[0.854473054409,0.846750319004,0.846750319004,1],"ix":3},"o":{"a":1,"k":[{"i":{"x":[0.67],"y":[1]},"o":{"x":[0.33],"y":[0]},"n":["0p67_1_0p33_0"],"t":129,"s":[100],"e":[0]},{"t":134}],"ix":4},"w":{"a":0,"k":1.8,"ix":5},"lc":2,"lj":1,"ml":4,"ml2":{"a":0,"k":4,"ix":8},"d":[{"n":"d","nm":"dash","v":{"a":0,"k":22,"ix":1}},{"n":"g","nm":"gap","v":{"a":0,"k":4,"ix":2}},{"n":"o","nm":"offset","v":{"a":1,"k":[{"i":{"x":[0.833],"y":[0.833]},"o":{"x":[0.167],"y":[0.167]},"n":["0p833_0p833_0p167_0p167"],"t":2,"s":[0],"e":[-85]},{"t":210}],"ix":7}}],"nm":"Stroke 2","mn":"ADBE Vector Graphic - Stroke","hd":false},{"ty":"tr","p":{"a":0,"k":[0,0],"ix":2},"a":{"a":0,"k":[0,0],"ix":1},"s":{"a":0,"k":[100,100],"ix":3},"r":{"a":0,"k":0,"ix":6},"o":{"a":0,"k":100,"ix":7},"sk":{"a":0,"k":0,"ix":4},"sa":{"a":0,"k":0,"ix":5},"nm":"Transform"}],"nm":"Shape 1","np":2,"cix":2,"ix":1,"mn":"ADBE Vector Group","hd":false},{"ty":"tm","s":{"a":0,"k":0,"ix":1},"e":{"a":1,"k":[{"i":{"x":[0.3],"y":[1]},"o":{"x":[0.33],"y":[0]},"n":["0p3_1_0p33_0"],"t":2,"s":[0],"e":[100]},{"t":107}],"ix":2},"o":{"a":0,"k":99,"ix":3},"m":1,"ix":2,"nm":"Trim Paths 1","mn":"ADBE Vector Filter - Trim","hd":false}],"ip":0,"op":426,"st":0,"bm":0},{"ddd":0,"ind":17,"ty":4,"nm":"Line3_Matte ","parent":18,"td":1,"sr":1,"ks":{"o":{"a":0,"k":100,"ix":11},"r":{"a":0,"k":0,"ix":10},"p":{"a":1,"k":[{"i":{"x":0.78,"y":1},"o":{"x":0.7,"y":0},"n":"0p78_1_0p7_0","t":165,"s":[-133.055,-735.715,0],"e":[-94.807,-735.82,0],"to":[0,0,0],"ti":[0,0,0]},{"i":{"x":0,"y":1},"o":{"x":0.33,"y":0},"n":"0_1_0p33_0","t":200,"s":[-94.807,-735.82,0],"e":[-97.807,-735.82,0],"to":[0,0,0],"ti":[0,0,0]},{"t":225}],"ix":2},"a":{"a":0,"k":[-56.805,-735.715,0],"ix":1},"s":{"a":0,"k":[100,100,100],"ix":6}},"ao":0,"shapes":[{"ty":"gr","it":[{"ty":"rc","d":1,"s":{"a":0,"k":[72,8],"ix":2},"p":{"a":0,"k":[0,0],"ix":3},"r":{"a":0,"k":0,"ix":4},"nm":"Rectangle Path 1","mn":"ADBE Vector Shape - Rect","hd":false},{"ty":"fl","c":{"a":0,"k":[0.701960802078,0.686274528503,0.670588254929,1],"ix":4},"o":{"a":0,"k":100,"ix":5},"r":1,"nm":"Fill 1","mn":"ADBE Vector Graphic - Fill","hd":false},{"ty":"tr","p":{"a":0,"k":[-49.888,-735.592],"ix":2},"a":{"a":0,"k":[-29.083,0.123],"ix":1},"s":{"a":0,"k":[100,100],"ix":3},"r":{"a":0,"k":0,"ix":6},"o":{"a":0,"k":100,"ix":7},"sk":{"a":0,"k":0,"ix":4},"sa":{"a":0,"k":0,"ix":5},"nm":"Transform"}],"nm":"Rectangle 1","np":2,"cix":2,"ix":1,"mn":"ADBE Vector Group","hd":false},{"ty":"rd","nm":"Round Corners 1","r":{"a":0,"k":1.3,"ix":1},"ix":2,"mn":"ADBE Vector Filter - RC","hd":false}],"ip":0,"op":426,"st":0,"bm":0},{"ddd":0,"ind":18,"ty":4,"nm":"Line3","parent":23,"tt":1,"sr":1,"ks":{"o":{"a":1,"k":[{"i":{"x":[0.833],"y":[0.833]},"o":{"x":[0.167],"y":[0.167]},"n":["0p833_0p833_0p167_0p167"],"t":181,"s":[50],"e":[100]},{"i":{"x":[0],"y":[1]},"o":{"x":[0.167],"y":[0]},"n":["0_1_0p167_0"],"t":207,"s":[100],"e":[100]},{"i":{"x":[0],"y":[1]},"o":{"x":[0.33],"y":[0]},"n":["0_1_0p33_0"],"t":403,"s":[100],"e":[0]},{"t":420}],"ix":11},"r":{"a":0,"k":4,"ix":10},"p":{"a":0,"k":[-24.201,-5.723,0],"ix":2},"a":{"a":0,"k":[-56.805,-735.715,0],"ix":1},"s":{"a":0,"k":[100,100,100],"ix":6}},"ao":0,"shapes":[{"ty":"gr","it":[{"ty":"rc","d":1,"s":{"a":0,"k":[72,8],"ix":2},"p":{"a":0,"k":[0,0],"ix":3},"r":{"a":0,"k":0,"ix":4},"nm":"Rectangle Path 1","mn":"ADBE Vector Shape - Rect","hd":false},{"ty":"fl","c":{"a":0,"k":[0.298039215686,0.301960784314,0.462745098039,1],"ix":4},"o":{"a":0,"k":100,"ix":5},"r":1,"nm":"Fill 1","mn":"ADBE Vector Graphic - Fill","hd":false},{"ty":"tr","p":{"a":0,"k":[-49.888,-735.592],"ix":2},"a":{"a":0,"k":[-29.083,0.123],"ix":1},"s":{"a":0,"k":[100,100],"ix":3},"r":{"a":0,"k":0,"ix":6},"o":{"a":0,"k":100,"ix":7},"sk":{"a":0,"k":0,"ix":4},"sa":{"a":0,"k":0,"ix":5},"nm":"Transform"}],"nm":"Rectangle 1","np":2,"cix":2,"ix":1,"mn":"ADBE Vector Group","hd":false},{"ty":"rd","nm":"Round Corners 1","r":{"a":0,"k":1.3,"ix":1},"ix":2,"mn":"ADBE Vector Filter - RC","hd":false}],"ip":0,"op":426,"st":0,"bm":0},{"ddd":0,"ind":19,"ty":4,"nm":"smile Outlines","parent":23,"sr":1,"ks":{"o":{"a":1,"k":[{"i":{"x":[0.78],"y":[1]},"o":{"x":[1],"y":[0]},"n":["0p78_1_1_0"],"t":177,"s":[0],"e":[100]},{"i":{"x":[0],"y":[1]},"o":{"x":[0.167],"y":[0]},"n":["0_1_0p167_0"],"t":197,"s":[100],"e":[100]},{"i":{"x":[0],"y":[1]},"o":{"x":[0.33],"y":[0]},"n":["0_1_0p33_0"],"t":403,"s":[100],"e":[0]},{"t":420}],"ix":11},"r":{"a":1,"k":[{"i":{"x":[0.67],"y":[1]},"o":{"x":[0.6],"y":[0]},"n":["0p67_1_0p6_0"],"t":174,"s":[-118],"e":[12]},{"i":{"x":[0.833],"y":[1]},"o":{"x":[0.167],"y":[0]},"n":["0p833_1_0p167_0"],"t":201,"s":[12],"e":[2]},{"t":231}],"ix":10},"p":{"a":1,"k":[{"i":{"x":0.78,"y":1},"o":{"x":0.7,"y":0},"n":"0p78_1_0p7_0","t":174,"s":[2.437,-3.053,0],"e":[22.437,-3.053,0],"to":[0,0,0],"ti":[0,0,0]},{"i":{"x":0,"y":1},"o":{"x":0.33,"y":0},"n":"0_1_0p33_0","t":201,"s":[22.437,-3.053,0],"e":[20.437,-3.053,0],"to":[0,0,0],"ti":[0,0,0]},{"t":231}],"ix":2},"a":{"a":0,"k":[120,120,0],"ix":1},"s":{"a":0,"k":[6.75,6.75,100],"ix":6}},"ao":0,"shapes":[{"ty":"gr","it":[{"ind":0,"ty":"sh","ix":1,"ks":{"a":0,"k":{"i":[[-5.351,5.25],[-7.87,8.24],[2.54,-3.4],[7.78,-4.21],[12.449,2.56],[9.64,10.35],[1.49,3.22],[0,0],[-12.42,-1.85],[-6.69,0.1]],"o":[[10.7,-3.28],[-0.561,4.38],[-5.6,6.73],[-11.191,6.08],[-13.96,-3.26],[-2.42,-2.55],[0,0],[9.8,7.96],[5.24,4.68],[7.21,-0.36]],"v":[[22.89,-2.335],[52.39,-18.225],[46.19,-7.085],[26.56,10.315],[-10.45,15.665],[-46.08,-6.735],[-52.39,-15.145],[-50.99,-14.825],[-16.63,-0.355],[2.64,4.745]],"c":true},"ix":2},"nm":"Path 1","mn":"ADBE Vector Shape - Group","hd":false},{"ty":"fl","c":{"a":0,"k":[0.995999983245,0.882000014361,0.328999986836,1],"ix":4},"o":{"a":0,"k":100,"ix":5},"r":1,"nm":"Fill 1","mn":"ADBE Vector Graphic - Fill","hd":false},{"ty":"tr","p":{"a":0,"k":[121.31,180.585],"ix":2},"a":{"a":0,"k":[0,0],"ix":1},"s":{"a":0,"k":[100,100],"ix":3},"r":{"a":0,"k":0,"ix":6},"o":{"a":0,"k":100,"ix":7},"sk":{"a":0,"k":0,"ix":4},"sa":{"a":0,"k":0,"ix":5},"nm":"Transform"}],"nm":"Group 1","np":2,"cix":2,"ix":1,"mn":"ADBE Vector Group","hd":false},{"ty":"gr","it":[{"ind":0,"ty":"sh","ix":1,"ks":{"a":0,"k":{"i":[[-1.99,6.439],[-0.13,-5.529],[3.031,-3.42],[10.7,-3.28],[13.14,1.98],[9.8,7.96],[2.3,4.71],[-4.24,-0.799],[-0.99,-1.831],[-12.02,-2.63],[-15.849,8.079]],"o":[[2.49,-4.94],[-0.15,4.66],[-7.87,8.239],[-12.89,3.17],[-12.42,-1.85],[-3.83,-3.51],[-1.91,-3.96],[2.16,0.151],[6.67,10.95],[17.35,3.21],[5.75,-2.97]],"v":[[49.33,17.41],[60.41,19.979],[54.61,32.32],[25.11,48.21],[-14.41,50.19],[-48.77,35.72],[-58.5,23.59],[-52.14,15.479],[-47.26,18.97],[-15.84,37.769],[35.99,31.15]],"c":true},"ix":2},"nm":"Path 1","mn":"ADBE Vector Shape - Group","hd":false},{"ind":1,"ty":"sh","ix":2,"ks":{"a":0,"k":{"i":[[-5.16,1.29],[-0.78,-7.07],[6.89,0.06],[-0.141,6.51]],"o":[[6.79,-2.04],[1.21,6.76],[-6.509,0.58],[-0.211,-5.29]],"v":[[26.12,-49.87],[41.33,-39.97],[29.9,-26.26],[17.391,-38.05]],"c":true},"ix":2},"nm":"Path 2","mn":"ADBE Vector Shape - Group","hd":false},{"ind":2,"ty":"sh","ix":3,"ks":{"a":0,"k":{"i":[[-3.95,0.92],[0.48,-7.81],[7.25,2.19],[-2.15,6.32]],"o":[[7.47,-2.28],[0.17,7.6],[-6.39,-1.7],[1.25,-3.77]],"v":[[-28.91,-49.89],[-13.69,-38.02],[-28.92,-26.58],[-37.22,-41.9]],"c":true},"ix":2},"nm":"Path 3","mn":"ADBE Vector Shape - Group","hd":false},{"ty":"mm","mm":1,"nm":"Merge Paths 1","mn":"ADBE Vector Filter - Merge","hd":false},{"ty":"fl","c":{"a":0,"k":[0,0,0,1],"ix":4},"o":{"a":0,"k":100,"ix":5},"r":1,"nm":"Fill 1","mn":"ADBE Vector Graphic - Fill","hd":false},{"ty":"tr","p":{"a":0,"k":[119.09,130.04],"ix":2},"a":{"a":0,"k":[0,0],"ix":1},"s":{"a":0,"k":[100,100],"ix":3},"r":{"a":0,"k":0,"ix":6},"o":{"a":0,"k":100,"ix":7},"sk":{"a":0,"k":0,"ix":4},"sa":{"a":0,"k":0,"ix":5},"nm":"Transform"}],"nm":"Group 2","np":5,"cix":2,"ix":2,"mn":"ADBE Vector Group","hd":false},{"ty":"gr","it":[{"ind":0,"ty":"sh","ix":1,"ks":{"a":0,"k":{"i":[[6.79,-2.04],[-0.211,-5.29],[-6.509,0.58],[1.21,6.76]],"o":[[-5.16,1.29],[-0.141,6.51],[6.89,0.06],[-0.78,-7.07]],"v":[[23.955,-11.255],[15.226,0.565],[27.735,12.355],[39.165,-1.355]],"c":true},"ix":2},"nm":"Path 1","mn":"ADBE Vector Shape - Group","hd":false},{"ind":1,"ty":"sh","ix":2,"ks":{"a":0,"k":{"i":[[-13.06,2.96],[-5.73,-6.86],[5.74,-8.8],[7.98,0.18],[2.99,9.82]],"o":[[8.51,-2.02],[7.2,7.7],[-4.32,6.56],[-10.35,0.59],[-4.31,-12.56]],"v":[[21.095,-22.935],[45.115,-15.755],[47.565,13.315],[27.685,24.365],[4.365,7.755]],"c":true},"ix":2},"nm":"Path 2","mn":"ADBE Vector Shape - Group","hd":false},{"ind":2,"ty":"sh","ix":3,"ks":{"a":0,"k":{"i":[[7.47,-2.28],[1.25,-3.77],[-6.39,-1.7],[0.17,7.6]],"o":[[-3.95,0.92],[-2.15,6.32],[7.25,2.19],[0.48,-7.81]],"v":[[-31.075,-11.275],[-39.385,-3.285],[-31.085,12.035],[-15.855,0.595]],"c":true},"ix":2},"nm":"Path 3","mn":"ADBE Vector Shape - Group","hd":false},{"ind":3,"ty":"sh","ix":4,"ks":{"a":0,"k":{"i":[[-5.84,1.09],[-5.51,-6.63],[6.04,-8.81],[8.05,0.45],[4.05,7.55],[-5.3,7.15]],"o":[[8.29,-1.64],[7.23,7.9],[-4.5,6.53],[-8.71,0.26],[-4.07,-7.85],[3.37,-4.86]],"v":[[-33.035,-23.145],[-9.955,-15.695],[-7.925,13.845],[-28.255,24.355],[-49.235,11.555],[-47.455,-13.605]],"c":true},"ix":2},"nm":"Path 4","mn":"ADBE Vector Shape - Group","hd":false},{"ty":"mm","mm":1,"nm":"Merge Paths 1","mn":"ADBE Vector Filter - Merge","hd":false},{"ty":"fl","c":{"a":0,"k":[1,1,1,1],"ix":4},"o":{"a":0,"k":100,"ix":5},"r":1,"nm":"Fill 1","mn":"ADBE Vector Graphic - Fill","hd":false},{"ty":"tr","p":{"a":0,"k":[121.255,91.425],"ix":2},"a":{"a":0,"k":[0,0],"ix":1},"s":{"a":0,"k":[100,100],"ix":3},"r":{"a":0,"k":0,"ix":6},"o":{"a":0,"k":100,"ix":7},"sk":{"a":0,"k":0,"ix":4},"sa":{"a":0,"k":0,"ix":5},"nm":"Transform"}],"nm":"Group 3","np":6,"cix":2,"ix":3,"mn":"ADBE Vector Group","hd":false},{"ty":"gr","it":[{"ind":0,"ty":"sh","ix":1,"ks":{"a":0,"k":{"i":[[8.511,-2.02],[-4.311,-12.56],[-10.351,0.59],[-4.321,6.56],[7.2,7.7]],"o":[[-13.06,2.96],[2.99,9.82],[7.979,0.18],[5.739,-8.8],[-5.731,-6.86]],"v":[[21.28,-23.719],[4.551,6.971],[27.871,23.581],[47.751,12.531],[45.301,-16.539]],"c":true},"ix":2},"nm":"Path 1","mn":"ADBE Vector Shape - Group","hd":false},{"ind":1,"ty":"sh","ix":2,"ks":{"a":0,"k":{"i":[[8.289,-1.64],[3.37,-4.86],[-4.069,-7.85],[-8.71,0.26],[-4.5,6.53],[7.23,7.9]],"o":[[-5.841,1.09],[-5.3,7.15],[4.05,7.55],[8.05,0.45],[6.041,-8.81],[-5.51,-6.63]],"v":[[-32.849,-23.929],[-47.27,-14.389],[-49.05,10.771],[-28.07,23.571],[-7.74,13.061],[-9.77,-16.479]],"c":true},"ix":2},"nm":"Path 2","mn":"ADBE Vector Shape - Group","hd":false},{"ind":2,"ty":"sh","ix":3,"ks":{"a":0,"k":{"i":[[-15.819,3.84],[-8.189,-4.91],[-3.04,-2.65],[-3.869,2.05],[-9.38,-2.75],[-4.63,-7.33],[3.239,-9.89],[6.169,-4.53],[11.29,5.519],[3.74,3.28],[10.42,0.38],[-0.131,18.97]],"o":[[9.19,-2.17],[3.52,2.03],[3.209,-2.91],[8.641,-4.69],[8.41,2.49],[5.54,8.93],[-2.431,7.37],[-10.29,7.38],[-4.58,-2.12],[-6.919,7.42],[-18.921,1.04],[-1.121,-16.3]],"v":[[-37.07,-35.309],[-9.51,-31.679],[-0.139,-24.019],[9.99,-32.169],[38.56,-34.809],[58.49,-18.799],[61.541,11.461],[47.591,29.401],[11.61,32.041],[-0.26,22.991],[-27.099,35.571],[-63.659,0.811]],"c":true},"ix":2},"nm":"Path 3","mn":"ADBE Vector Shape - Group","hd":false},{"ty":"mm","mm":1,"nm":"Merge Paths 1","mn":"ADBE Vector Filter - Merge","hd":false},{"ty":"fl","c":{"a":0,"k":[0.995999983245,0.757000014361,0.156999999402,1],"ix":4},"o":{"a":0,"k":100,"ix":5},"r":1,"nm":"Fill 1","mn":"ADBE Vector Graphic - Fill","hd":false},{"ty":"tr","p":{"a":0,"k":[121.07,92.21],"ix":2},"a":{"a":0,"k":[0,0],"ix":1},"s":{"a":0,"k":[100,100],"ix":3},"r":{"a":0,"k":0,"ix":6},"o":{"a":0,"k":100,"ix":7},"sk":{"a":0,"k":0,"ix":4},"sa":{"a":0,"k":0,"ix":5},"nm":"Transform"}],"nm":"Group 4","np":5,"cix":2,"ix":4,"mn":"ADBE Vector Group","hd":false},{"ty":"gr","it":[{"ind":0,"ty":"sh","ix":1,"ks":{"a":0,"k":{"i":[[5.24,4.68],[-12.891,3.169],[7.21,-0.361]],"o":[[13.14,1.979],[-5.351,5.25],[-6.69,0.099]],"v":[[-19.76,-1.609],[19.76,-3.589],[-0.49,3.491]],"c":true},"ix":2},"nm":"Path 1","mn":"ADBE Vector Shape - Group","hd":false},{"ty":"fl","c":{"a":0,"k":[0.991999966491,0.804000016755,0.301999978458,1],"ix":4},"o":{"a":0,"k":100,"ix":5},"r":1,"nm":"Fill 1","mn":"ADBE Vector Graphic - Fill","hd":false},{"ty":"tr","p":{"a":0,"k":[124.44,181.84],"ix":2},"a":{"a":0,"k":[0,0],"ix":1},"s":{"a":0,"k":[100,100],"ix":3},"r":{"a":0,"k":0,"ix":6},"o":{"a":0,"k":100,"ix":7},"sk":{"a":0,"k":0,"ix":4},"sa":{"a":0,"k":0,"ix":5},"nm":"Transform"}],"nm":"Group 5","np":2,"cix":2,"ix":5,"mn":"ADBE Vector Group","hd":false},{"ty":"gr","it":[{"ind":0,"ty":"sh","ix":1,"ks":{"a":0,"k":{"i":[[2.49,-4.94],[5.75,-2.97],[17.35,3.21],[6.67,10.95],[2.16,0.151],[-1.91,-3.96],[-3.83,-3.51],[0,0],[-2.42,-2.549],[-13.96,-3.26],[-11.19,6.08],[-5.6,6.73],[-0.56,4.38],[-0.15,4.66]],"o":[[-1.99,6.439],[-15.849,8.079],[-12.02,-2.63],[-0.99,-1.831],[-4.24,-0.799],[2.3,4.71],[0,0],[1.49,3.22],[9.64,10.351],[12.45,2.559],[7.78,-4.21],[2.54,-3.401],[3.031,-3.42],[-0.13,-5.529]],"v":[[48.42,27.45],[35.08,41.19],[-16.75,47.809],[-48.17,29.01],[-53.05,25.519],[-59.41,33.63],[-49.68,45.76],[-51.08,45.44],[-44.77,53.849],[-9.14,76.25],[27.87,70.9],[47.5,53.5],[53.7,42.36],[59.5,30.019]],"c":true},"ix":2},"nm":"Path 1","mn":"ADBE Vector Shape - Group","hd":false},{"ind":1,"ty":"sh","ix":2,"ks":{"a":0,"k":{"i":[[9.19,-2.17],[-1.12,-16.3],[-18.92,1.04],[-6.92,7.42],[-4.58,-2.12],[-10.29,7.38],[-2.43,7.37],[5.54,8.93],[8.41,2.49],[8.64,-4.69],[3.21,-2.91],[3.52,2.03]],"o":[[-15.82,3.84],[-0.13,18.97],[10.42,0.38],[3.74,3.28],[11.29,5.519],[6.17,-4.53],[3.24,-9.89],[-4.63,-7.33],[-9.38,-2.75],[-3.869,2.05],[-3.04,-2.65],[-8.19,-4.91]],"v":[[-36,-63.1],[-62.59,-26.98],[-26.03,7.78],[0.81,-4.8],[12.68,4.25],[48.66,1.61],[62.61,-16.33],[59.56,-46.59],[39.63,-62.6],[11.06,-59.96],[0.93,-51.81],[-8.44,-59.47]],"c":true},"ix":2},"nm":"Path 2","mn":"ADBE Vector Shape - Group","hd":false},{"ind":2,"ty":"sh","ix":3,"ks":{"a":0,"k":{"i":[[-11.27,9.88],[-21.04,3.16],[-11.64,-1.23],[-18.52,-19.78],[-0.519,-29.42],[0,0],[14.73,-19.31],[27.2,-6.41],[7.96,-0.38],[0,0],[11.85,4.479],[12.47,12.9],[0.36,29.44],[0,0],[-9.38,16.69]],"o":[[16.11,-13.96],[11.62,-1.48],[27.011,3.05],[20.69,20.96],[0,0],[-0.559,24.2],[-16.63,22.27],[-7.75,1.82],[0,0],[-12.62,-0.63],[-16.93,-6.17],[-20.8,-20.9],[0,0],[0.38,-19.12],[7.23,-13.22]],"v":[[-76.51,-92.65],[-19.13,-118.73],[15.93,-119.08],[86.83,-82.83],[120,-3.45],[120,3.33],[96.92,70.96],[28.96,116.69],[5.33,120],[-5.42,120],[-42.49,112.62],[-86.92,82.86],[-120,3.44],[-120,-3.47],[-105.35,-58.32]],"c":true},"ix":2},"nm":"Path 3","mn":"ADBE Vector Shape - Group","hd":false},{"ty":"mm","mm":1,"nm":"Merge Paths 1","mn":"ADBE Vector Filter - Merge","hd":false},{"ty":"fl","c":{"a":0,"k":[0.991999966491,0.804000016755,0.301999978458,1],"ix":4},"o":{"a":0,"k":100,"ix":5},"r":1,"nm":"Fill 1","mn":"ADBE Vector Graphic - Fill","hd":false},{"ty":"tr","p":{"a":0,"k":[120,120],"ix":2},"a":{"a":0,"k":[0,0],"ix":1},"s":{"a":0,"k":[100,100],"ix":3},"r":{"a":0,"k":0,"ix":6},"o":{"a":0,"k":100,"ix":7},"sk":{"a":0,"k":0,"ix":4},"sa":{"a":0,"k":0,"ix":5},"nm":"Transform"}],"nm":"Group 6","np":7,"cix":2,"ix":6,"mn":"ADBE Vector Group","hd":false}],"ip":0,"op":426,"st":0,"bm":0},{"ddd":0,"ind":20,"ty":4,"nm":"Bubble_Overlay","parent":23,"td":1,"sr":1,"ks":{"o":{"a":1,"k":[{"i":{"x":[0.78],"y":[1]},"o":{"x":[1],"y":[0]},"n":["0p78_1_1_0"],"t":-111,"s":[0],"e":[60]},{"i":{"x":[0.833],"y":[1]},"o":{"x":[0.167],"y":[0]},"n":["0p833_1_0p167_0"],"t":-84,"s":[60],"e":[100]},{"t":12}],"ix":11},"r":{"a":1,"k":[{"i":{"x":[0.78],"y":[1]},"o":{"x":[0.6],"y":[0]},"n":["0p78_1_0p6_0"],"t":-111,"s":[-23],"e":[0]},{"t":-84}],"ix":10},"p":{"a":1,"k":[{"i":{"x":0.78,"y":1},"o":{"x":0.6,"y":0},"n":"0p78_1_0p6_0","t":-111,"s":[12.5,48.256,0],"e":[12.5,12.131,0],"to":[0,0,0],"ti":[0,0,0]},{"i":{"x":0.78,"y":1},"o":{"x":0.33,"y":0},"n":"0p78_1_0p33_0","t":-84,"s":[12.5,12.131,0],"e":[12.5,16.506,0],"to":[0,0,0],"ti":[0,0,0]},{"i":{"x":0.78,"y":1},"o":{"x":0.33,"y":0},"n":"0p78_1_0p33_0","t":-67,"s":[12.5,16.506,0],"e":[12.5,14.006,0],"to":[0,0,0],"ti":[0,0,0]},{"t":-51}],"ix":2},"a":{"a":0,"k":[12.5,14.006,0],"ix":1},"s":{"a":0,"k":[100,100,100],"ix":6}},"ao":0,"shapes":[{"ty":"gr","it":[{"ind":0,"ty":"sh","ix":1,"ks":{"a":0,"k":{"i":[[0.16,-2.76],[0,0],[2.75,0.15],[0,0],[0,0],[-0.06,1.03],[0,0],[0,0],[-0.16,2.76],[0,0],[-2.75,-0.16],[0,0]],"o":[[0,0],[-0.15,2.75],[0,0],[0,0],[-0.76,0.69],[0,0],[0,0],[-2.76,-0.15],[0,0],[0.15,-2.76],[0,0],[2.76,0.16]],"v":[[35.795,-14.6],[34.395,9.88],[29.125,14.59],[18.825,14],[9.145,22.78],[7.225,21.86],[7.705,13.37],[-31.085,11.15],[-35.795,5.88],[-34.395,-18.6],[-29.125,-23.31],[31.085,-19.88]],"c":true},"ix":2},"nm":"Path 1","mn":"ADBE Vector Shape - Group","hd":false},{"ty":"st","c":{"a":0,"k":[0.384313994763,0.392156982422,0.654901960784,1],"ix":3},"o":{"a":0,"k":100,"ix":4},"w":{"a":0,"k":0,"ix":5},"lc":1,"lj":1,"ml":4,"ml2":{"a":0,"k":4,"ix":8},"nm":"Stroke 1","mn":"ADBE Vector Graphic - Stroke","hd":false},{"ty":"fl","c":{"a":0,"k":[0.864537358284,0.626223504543,0.21126075089,1],"ix":4},"o":{"a":0,"k":100,"ix":5},"r":1,"nm":"Fill 1","mn":"ADBE Vector Graphic - Fill","hd":false},{"ty":"tr","p":{"a":0,"k":[0,0],"ix":2},"a":{"a":0,"k":[0,0],"ix":1},"s":{"a":0,"k":[100,100],"ix":3},"r":{"a":0,"k":0,"ix":6},"o":{"a":0,"k":100,"ix":7},"sk":{"a":0,"k":0,"ix":4},"sa":{"a":0,"k":0,"ix":5},"nm":"Transform"}],"nm":"Shape 1","np":3,"cix":2,"ix":1,"mn":"ADBE Vector Group","hd":false}],"ip":-3,"op":428,"st":-269,"bm":0},{"ddd":0,"ind":21,"ty":4,"nm":"MessageBubble1_Overlay","parent":22,"tt":1,"sr":1,"ks":{"o":{"a":1,"k":[{"i":{"x":[0],"y":[1]},"o":{"x":[0.33],"y":[0]},"n":["0_1_0p33_0"],"t":403,"s":[100],"e":[0]},{"t":420}],"ix":11},"r":{"a":0,"k":0,"ix":10},"p":{"a":0,"k":[-28.78,24.197,0],"ix":2},"a":{"a":0,"k":[-28.78,24.197,0],"ix":1},"s":{"a":0,"k":[100,100,100],"ix":6}},"ao":0,"shapes":[{"ty":"gr","it":[{"ind":0,"ty":"sh","ix":1,"ks":{"a":0,"k":{"i":[[0,0],[2.76,-0.09],[0,0],[-0.03,-3.25],[1.3,1.41],[0,0],[0,0],[0.09,2.76],[0,0],[-2.76,0.1],[0,0],[-0.1,-2.76]],"o":[[0.09,2.76],[0,0],[0.1,3.59],[0.01,1.92],[0,0],[0,0],[-2.76,0.1],[0,0],[-0.1,-2.76],[0,0],[2.76,-0.1],[0,0]],"v":[[60.5,15.9],[55.67,21.06],[-22.21,23.74],[-22.03,34.77],[-25.68,36.21],[-36.76,24.24],[-53.65,24.82],[-58.82,20],[-60.49,-28.6],[-55.67,-33.77],[53.66,-37.52],[58.83,-32.7]],"c":true},"ix":2},"nm":"Path 1","mn":"ADBE Vector Shape - Group","hd":false},{"ty":"st","c":{"a":0,"k":[0.384313994763,0.392156982422,0.654901960784,1],"ix":3},"o":{"a":0,"k":100,"ix":4},"w":{"a":0,"k":0,"ix":5},"lc":1,"lj":1,"ml":4,"ml2":{"a":0,"k":4,"ix":8},"nm":"Stroke 1","mn":"ADBE Vector Graphic - Stroke","hd":false},{"ty":"fl","c":{"a":0,"k":[0.435294121504,0.435294121504,0.674509823322,1],"ix":4},"o":{"a":0,"k":100,"ix":5},"r":1,"nm":"Fill 1","mn":"ADBE Vector Graphic - Fill","hd":false},{"ty":"tr","p":{"a":0,"k":[0,0],"ix":2},"a":{"a":0,"k":[0,0],"ix":1},"s":{"a":0,"k":[100,100],"ix":3},"r":{"a":0,"k":0,"ix":6},"o":{"a":0,"k":100,"ix":7},"sk":{"a":0,"k":0,"ix":4},"sa":{"a":0,"k":0,"ix":5},"nm":"Transform"}],"nm":"Shape 1","np":3,"cix":2,"ix":1,"mn":"ADBE Vector Group","hd":false}],"ip":0,"op":426,"st":0,"bm":0},{"ddd":0,"ind":22,"ty":4,"nm":"MessageBubble1_Filled","parent":1,"sr":1,"ks":{"o":{"a":1,"k":[{"i":{"x":[0],"y":[1]},"o":{"x":[0.33],"y":[0]},"n":["0_1_0p33_0"],"t":403,"s":[100],"e":[0]},{"t":420}],"ix":11},"r":{"a":1,"k":[{"i":{"x":[0],"y":[1]},"o":{"x":[0.33],"y":[0]},"n":["0_1_0p33_0"],"t":187,"s":[2],"e":[-6]},{"i":{"x":[0.78],"y":[1]},"o":{"x":[0.6],"y":[0]},"n":["0p78_1_0p6_0"],"t":209,"s":[-6],"e":[1]},{"i":{"x":[0.67],"y":[1]},"o":{"x":[0.33],"y":[0]},"n":["0p67_1_0p33_0"],"t":224,"s":[1],"e":[0]},{"t":240}],"ix":10},"p":{"a":1,"k":[{"i":{"x":0.1,"y":1},"o":{"x":0.33,"y":0},"n":"0p1_1_0p33_0","t":187,"s":[-120.78,-582.803,0],"e":[-160.78,-622.803,0],"to":[0,0,0],"ti":[0,0,0]},{"i":{"x":0.999,"y":0.999},"o":{"x":0,"y":0},"n":"0p999_0p999_0_0","t":209,"s":[-160.78,-622.803,0],"e":[-160.78,-622.803,0],"to":[0,0,0],"ti":[0,0,0]},{"i":{"x":0.67,"y":1},"o":{"x":0.33,"y":0},"n":"0p67_1_0p33_0","t":287,"s":[-160.78,-622.803,0],"e":[-160.78,-720.803,0],"to":[0,0,0],"ti":[0,0,0]},{"i":{"x":0.67,"y":1},"o":{"x":0.33,"y":0},"n":"0p67_1_0p33_0","t":306.584,"s":[-160.78,-720.803,0],"e":[-160.78,-696.803,0],"to":[0,0,0],"ti":[0,0,0]},{"i":{"x":0.67,"y":1},"o":{"x":0.33,"y":0},"n":"0p67_1_0p33_0","t":326.17,"s":[-160.78,-696.803,0],"e":[-160.78,-706.803,0],"to":[0,0,0],"ti":[0,0,0]},{"t":345.75390625}],"ix":2},"a":{"a":0,"k":[-28.78,24.197,0],"ix":1},"s":{"a":0,"k":[400,400,100],"ix":6}},"ao":0,"shapes":[{"ty":"gr","it":[{"ind":0,"ty":"sh","ix":1,"ks":{"a":0,"k":{"i":[[0,0],[2.76,-0.09],[0,0],[-0.03,-3.25],[1.3,1.41],[0,0],[0,0],[0.09,2.76],[0,0],[-2.76,0.1],[0,0],[-0.1,-2.76]],"o":[[0.09,2.76],[0,0],[0.1,3.59],[0.01,1.92],[0,0],[0,0],[-2.76,0.1],[0,0],[-0.1,-2.76],[0,0],[2.76,-0.1],[0,0]],"v":[[60.5,15.9],[55.67,21.06],[-22.21,23.74],[-22.03,34.77],[-25.68,36.21],[-36.76,24.24],[-53.65,24.82],[-58.82,20],[-60.49,-28.6],[-55.67,-33.77],[53.66,-37.52],[58.83,-32.7]],"c":true},"ix":2},"nm":"Path 1","mn":"ADBE Vector Shape - Group","hd":false},{"ty":"st","c":{"a":0,"k":[0.384313994763,0.392156982422,0.654901960784,1],"ix":3},"o":{"a":0,"k":100,"ix":4},"w":{"a":0,"k":0,"ix":5},"lc":1,"lj":1,"ml":4,"ml2":{"a":0,"k":4,"ix":8},"nm":"Stroke 1","mn":"ADBE Vector Graphic - Stroke","hd":false},{"ty":"fl","c":{"a":0,"k":[0.882352948189,0.874509811401,0.866666674614,1],"ix":4},"o":{"a":1,"k":[{"i":{"x":[0.833],"y":[1]},"o":{"x":[0.167],"y":[0]},"n":["0p833_1_0p167_0"],"t":92,"s":[5],"e":[30]},{"i":{"x":[1],"y":[1]},"o":{"x":[0.167],"y":[0]},"n":["1_1_0p167_0"],"t":100,"s":[30],"e":[30]},{"i":{"x":[0.84],"y":[1]},"o":{"x":[0.16],"y":[0]},"n":["0p84_1_0p16_0"],"t":129,"s":[30],"e":[100]},{"t":133}],"ix":5},"r":1,"nm":"Fill 1","mn":"ADBE Vector Graphic - Fill","hd":false},{"ty":"tr","p":{"a":0,"k":[0,0],"ix":2},"a":{"a":0,"k":[0,0],"ix":1},"s":{"a":0,"k":[100,100],"ix":3},"r":{"a":0,"k":0,"ix":6},"o":{"a":0,"k":100,"ix":7},"sk":{"a":0,"k":0,"ix":4},"sa":{"a":0,"k":0,"ix":5},"nm":"Transform"}],"nm":"Shape 1","np":3,"cix":2,"ix":1,"mn":"ADBE Vector Group","hd":false}],"ip":0,"op":426,"st":0,"bm":0},{"ddd":0,"ind":23,"ty":4,"nm":"Bubble_Purple","parent":1,"sr":1,"ks":{"o":{"a":1,"k":[{"i":{"x":[0.78],"y":[1]},"o":{"x":[1],"y":[0]},"n":["0p78_1_1_0"],"t":166,"s":[0],"e":[100]},{"i":{"x":[0],"y":[1]},"o":{"x":[0.167],"y":[0]},"n":["0_1_0p167_0"],"t":193,"s":[100],"e":[100]},{"i":{"x":[0],"y":[1]},"o":{"x":[0.33],"y":[0]},"n":["0_1_0p33_0"],"t":403,"s":[100],"e":[0]},{"t":420}],"ix":11},"r":{"a":1,"k":[{"i":{"x":[0.78],"y":[1]},"o":{"x":[0.6],"y":[0]},"n":["0p78_1_0p6_0"],"t":166,"s":[-23],"e":[0]},{"t":193}],"ix":10},"p":{"a":1,"k":[{"i":{"x":0.67,"y":1},"o":{"x":0.7,"y":0},"n":"0p67_1_0p7_0","t":166,"s":[210,-385.53,0],"e":[210,-530.03,0],"to":[0,0,0],"ti":[0,0,0]},{"i":{"x":0.78,"y":1},"o":{"x":0.33,"y":0},"n":"0p78_1_0p33_0","t":193,"s":[210,-530.03,0],"e":[210,-512.53,0],"to":[0,0,0],"ti":[0,0,0]},{"i":{"x":0.78,"y":1},"o":{"x":0.33,"y":0},"n":"0p78_1_0p33_0","t":210,"s":[210,-512.53,0],"e":[210,-522.53,0],"to":[0,0,0],"ti":[0,0,0]},{"i":{"x":0.999,"y":0.999},"o":{"x":0,"y":0},"n":"0p999_0p999_0_0","t":226,"s":[210,-522.53,0],"e":[210,-522.53,0],"to":[0,0,0],"ti":[0,0,0]},{"i":{"x":0.67,"y":1},"o":{"x":0.33,"y":0},"n":"0p67_1_0p33_0","t":290.092,"s":[210,-522.53,0],"e":[210,-606.53,0],"to":[0,0,0],"ti":[0,0,0]},{"i":{"x":0.67,"y":1},"o":{"x":0.33,"y":0},"n":"0p67_1_0p33_0","t":310.707,"s":[210,-606.53,0],"e":[210,-582.53,0],"to":[0,0,0],"ti":[0,0,0]},{"i":{"x":0.67,"y":1},"o":{"x":0.33,"y":0},"n":"0p67_1_0p33_0","t":331.322,"s":[210,-582.53,0],"e":[210,-594.53,0],"to":[0,0,0],"ti":[0,0,0]},{"t":354}],"ix":2},"a":{"a":0,"k":[12.5,14.006,0],"ix":1},"s":{"a":0,"k":[400,400,100],"ix":6}},"ao":0,"shapes":[{"ty":"gr","it":[{"ind":0,"ty":"sh","ix":1,"ks":{"a":0,"k":{"i":[[0.16,-2.76],[0,0],[2.75,0.15],[0,0],[0,0],[-0.06,1.03],[0,0],[0,0],[-0.16,2.76],[0,0],[-2.75,-0.16],[0,0]],"o":[[0,0],[-0.15,2.75],[0,0],[0,0],[-0.76,0.69],[0,0],[0,0],[-2.76,-0.15],[0,0],[0.15,-2.76],[0,0],[2.76,0.16]],"v":[[35.795,-14.6],[34.395,9.88],[29.125,14.59],[18.825,14],[9.145,22.78],[7.225,21.86],[7.705,13.37],[-31.085,11.15],[-35.795,5.88],[-34.395,-18.6],[-29.125,-23.31],[31.085,-19.88]],"c":true},"ix":2},"nm":"Path 1","mn":"ADBE Vector Shape - Group","hd":false},{"ty":"st","c":{"a":0,"k":[0.384313994763,0.392156982422,0.654901960784,1],"ix":3},"o":{"a":0,"k":100,"ix":4},"w":{"a":0,"k":0,"ix":5},"lc":1,"lj":1,"ml":4,"ml2":{"a":0,"k":4,"ix":8},"nm":"Stroke 1","mn":"ADBE Vector Graphic - Stroke","hd":false},{"ty":"fl","c":{"a":0,"k":[0.545098039216,0.549019607843,0.76862745098,1],"ix":4},"o":{"a":0,"k":100,"ix":5},"r":1,"nm":"Fill 1","mn":"ADBE Vector Graphic - Fill","hd":false},{"ty":"tr","p":{"a":0,"k":[0,0],"ix":2},"a":{"a":0,"k":[0,0],"ix":1},"s":{"a":0,"k":[100,100],"ix":3},"r":{"a":0,"k":0,"ix":6},"o":{"a":0,"k":100,"ix":7},"sk":{"a":0,"k":0,"ix":4},"sa":{"a":0,"k":0,"ix":5},"nm":"Transform"}],"nm":"Shape 1","np":3,"cix":2,"ix":1,"mn":"ADBE Vector Group","hd":false}],"ip":0,"op":426,"st":0,"bm":0},{"ddd":0,"ind":25,"ty":4,"nm":"BGCircle","parent":1,"sr":1,"ks":{"o":{"a":0,"k":60,"ix":11},"r":{"a":0,"k":0,"ix":10},"p":{"a":0,"k":[0,-675.68,0],"ix":2},"a":{"a":0,"k":[22.32,-567.68,0],"ix":1},"s":{"a":1,"k":[{"i":{"x":[0.748,0.748,0.748],"y":[1,1,1]},"o":{"x":[0.423,0.423,0.423],"y":[0,0,0]},"n":["0p748_1_0p423_0","0p748_1_0p423_0","0p748_1_0p423_0"],"t":65,"s":[80,80,100],"e":[80,80,100]},{"i":{"x":[0.771,0.771,0.771],"y":[1,1,1]},"o":{"x":[0.454,0.454,0.454],"y":[0,0,0]},"n":["0p771_1_0p454_0","0p771_1_0p454_0","0p771_1_0p454_0"],"t":91,"s":[80,80,100],"e":[87,87,100]},{"i":{"x":[0.867,0.867,0.867],"y":[0.895,0.895,-2.538]},"o":{"x":[0.949,0.949,0.949],"y":[0,0,0]},"n":["0p867_0p895_0p949_0","0p867_0p895_0p949_0","0p867_-2p538_0p949_0"],"t":114,"s":[87,87,100],"e":[69.047,69.047,100]},{"i":{"x":[0.245,0.245,0.245],"y":[1,1,1]},"o":{"x":[0.073,0.073,0.073],"y":[-0.145,-0.145,2.975]},"n":["0p245_1_0p073_-0p145","0p245_1_0p073_-0p145","0p245_1_0p073_2p975"],"t":129,"s":[69.047,69.047,100],"e":[80,80,100]},{"t":152}],"ix":6}},"ao":0,"shapes":[{"ty":"gr","it":[{"d":1,"ty":"el","s":{"a":0,"k":[1156.641,1156.641],"ix":2},"p":{"a":0,"k":[0,0],"ix":3},"nm":"Ellipse Path 1","mn":"ADBE Vector Shape - Ellipse","hd":false},{"ty":"st","c":{"a":0,"k":[0.384313994763,0.392156982422,0.654901960784,1],"ix":3},"o":{"a":0,"k":100,"ix":4},"w":{"a":0,"k":0,"ix":5},"lc":1,"lj":1,"ml":4,"ml2":{"a":0,"k":4,"ix":8},"nm":"Stroke 1","mn":"ADBE Vector Graphic - Stroke","hd":false},{"ty":"fl","c":{"a":0,"k":[0.952941176471,0.949019607843,0.945098039216,1],"ix":4},"o":{"a":0,"k":100,"ix":5},"r":1,"nm":"Fill 1","mn":"ADBE Vector Graphic - Fill","hd":false},{"ty":"tr","p":{"a":0,"k":[22.32,-567.68],"ix":2},"a":{"a":0,"k":[0,0],"ix":1},"s":{"a":0,"k":[100,100],"ix":3},"r":{"a":0,"k":0,"ix":6},"o":{"a":0,"k":100,"ix":7},"sk":{"a":0,"k":0,"ix":4},"sa":{"a":0,"k":0,"ix":5},"nm":"Transform"}],"nm":"Ellipse 1","np":3,"cix":2,"ix":1,"mn":"ADBE Vector Group","hd":false}],"ip":0,"op":426,"st":0,"bm":0}],"markers":[]}