{
    "definitions": [
        {
            "manifestVersion": "1.0",
            "version": "0.1.0",
            "categories": [
                           "Microsoft",
                           "Productivity"
                           ],
            "developerName": "Microsoft Corp.",
            "developerUrl": "http://www.microsoft.com/",
            "privacyUrl": "https://privacy.microsoft.com/en-us/privacystatement",
            "termsOfUseUrl": "https://www.microsoft.com/en-us/servicesagreement",
            "validDomains": [],
            "permissions": [],
            "mobileModules": [
              {
                  "id": "83b1a5e6-4892-43d4-ac83-96e9796eeff3",
                  "type": "web",
                  "targetSdkVersion": "1.0.0",
                  "title": "To-do",
                  "icons": {
                      "default": "https://statics.teams.microsoft.com/evergreen-assets/MobileModuleIcons/StaffHub/schedule_module_icon_default.png?v=1.1",
                      "selected": "https://statics.teams.microsoft.com/evergreen-assets/MobileModuleIcons/StaffHub/schedule_module_icon_selected.png?v=1.1"
                  },
                  "webModuleUrl": "https://todomobilemodule.azurewebsites.net/"
              }
            ],
            "id": "83b1a5e6-4892-43d4-ac83-96e9796eeff3",
            "name": "To-do",
            "accentColor": "#7719aa"
        }
    ]
}
