{"Registrations":[ 
    {
      "component": { 
       "type": "git", 
       "git": { 
         "repositoryUrl": "https://github.com/alexdrone/Buffer", 
         "Version": "2.1",
         "commitHash": "e63342c0ae6bf34bf21b2b9331f2ca76844c8983"
         }
       }
    },
    {
      "component": { 
       "type": "git", 
       "git": { 
         "repositoryUrl": "https://github.com/CSStickyHeaderFlowLayout/CSStickyHeaderFlowLayout",
         "Version": "0.2.11",
         "commitHash": "53fc9e02c8dc69380716db04003df8a7c477a779"
         }
       }
    },
    {
      "component": { 
       "type": "git", 
       "git": { 
         "repositoryUrl": "https://github.com/devicekit/DeviceKit", 
         "Version": "2.3.0",
         "commitHash": "4a1c9aa580ae1db763791015e119c4331c95ad02"
         }
       }
    },
    {
      "component": { 
       "type": "git", 
       "git": { 
         "repositoryUrl": "https://github.com/Instagram/IGListKit", 
         "Version": "3.4.0",
         "commitHash": "cce5a462bb8e4e3cf5b4d0aeebfedb318e52cf09"
         }
       }
    },
    {
      "component": { 
       "type": "git", 
       "git": { 
         "repositoryUrl": "https://github.com/mvictor27/JadKit", 
         "commitHash": "2334f8cddcd904258cc1290a6df8310a80378ec0"
         }
       }
    },
    {
      "component": { 
       "type": "git", 
       "git": { 
         "repositoryUrl": "https://github.com/onevcat/Kingfisher",
         "Version": "5.10.0", 
         "commitHash": "e951bc286f12f140a14813cc01193731c160ecba"
         }
       }
    },
    {
      "component": { 
       "type": "git", 
       "git": { 
         "repositoryUrl": "https://github.com/airbnb/MagazineLayout", 
         "Version": "1.5.2", 
         "commitHash": "fefddd198aab0950006b61e6df0fc6a7e54a1fe2"
         }
       }
    },
    {
      "component": { 
       "type": "git", 
       "git": { 
         "repositoryUrl": "https://github.com/MortimerGoro/MGSwipeTableCell", 
         "Version": "1.6.11", 
         "commitHash": "9db9d1c4ef2a5ab6148a1eb6d0e5ddbf78c0c312"
         }
       }
    },
    {
      "component": { 
       "type": "git", 
       "git": { 
         "repositoryUrl": "https://github.com/njdehoog/NHBalancedFlowLayout", 
         "Version": "0.2", 
         "commitHash": "d7b09f3f4d6fa4dc7fb0a147a0762a19bd85ff6d"
         }
       }
    },
    {
      "component": { 
       "type": "git", 
       "git": { 
         "repositoryUrl": "https://github.com/applidium/OverlayContainer", 
         "Version": "3.2.0", 
         "commitHash": "bb38a8516c2f051de5d5f4661d471d7b08d4f2ca"
         }
       }
    },
    {
      "component": { 
       "type": "git", 
       "git": { 
         "repositoryUrl": "https://github.com/radex/SwiftyTimer", 
         "Version": "2.1.0", 
         "commitHash": "87ef0edd97333264c5fbc2bd3097840f7a7307a1"
         }
       }
    },
    {
      "component": { 
       "type": "git", 
       "git": { 
         "repositoryUrl": "https://github.com/sgr-ksmt/WaterfallLayout", 
         "Version": "0.2", 
         "commitHash": "133ab7cd4ce01a892887966a31dc016321aaece2"
         }
       }
    }
    ],
 "Version": 1
}