{
  "appointment": [
    {
      "appointmentName": "Weekly Checkup",
      "appointmentTime": "1:00PM - 2:00PM",
      "doctor": {
        "doctorName": "Dr.Kayo Miwa",
        "doctorQualification": "BAMS, MBBS",
        "doctorImage": ""
      },
      "appointmentType": "Microsoft Teams Virtual Visit",
      "servicesOffered": [
        {
          "serviceName": "Checkup Service",
          "serviceDuration": "40 mins",
          "serviceCost": "$50"
        },
        {
          "serviceName": "Weekly Checkup",
          "serviceDuration": "35 mins",
          "serviceCost": "$120"
        }
      ],
      "appointmentCost": "$170"
    },
    {
      "appointmentName": "Periodic health Check",
      "appointmentTime": "1:00PM - 2:00PM",
      "doctor": {
        "doctorName": "Dr.Kayo Miwa",
        "doctorQualification": "BAMS, MD, MBBS",
        "doctorImage": ""
      },
      "appointmentType": "Microsoft Teams Virtual Visit",
      "servicesOffered": [
        {
          "serviceName": "Periodic Checkup",
          "serviceDuration": "55 mins",
          "serviceCost": "$50"
        },
        {
          "serviceName": "Daily Checkup",
          "serviceDuration": "60 mins",
          "serviceCost": "$120"
        }
      ],
      "appointmentCost": "$170"
    },
    {
      "appointmentName": "Periodic health Check",
      "appointmentTime": "1:00PM - 2:00PM",
      "doctor": {
        "doctorName": "Dr.Kayo Miwa",
        "doctorQualification": "BAMS, MBBS Surgeon",
        "doctorImage": ""
      },
      "appointmentType": "Microsoft Teams Virtual Visit",
      "servicesOffered": [
        {
          "serviceName": "Checkup",
          "serviceDuration": "30 mins",
          "serviceCost": "$50"
        },
        {
          "serviceName": "Periodic Checkup",
          "serviceDuration": "25 mins",
          "serviceCost": "$120"
        }
      ],
      "appointmentCost": "$170"
    }
  ]
}
