{"v":"5.2.0","fr":60,"ip":0,"op":132,"w":750,"h":8,"nm":"MobileSync_GradOnly_ OneDirection_Spec DT","ddd":0,"assets":[],"layers":[{"ddd":0,"ind":1,"ty":4,"nm":"LineLoader","sr":1,"ks":{"o":{"a":0,"k":100,"ix":11},"r":{"a":0,"k":0,"ix":10},"p":{"s":true,"x":{"a":1,"k":[{"i":{"x":[0.833],"y":[0.833]},"o":{"x":[0.167],"y":[0.167]},"n":["0p833_0p833_0p167_0p167"],"t":0,"s":[-436.939],"e":[1263.061]},{"i":{"x":[0.833],"y":[0.833]},"o":{"x":[0.167],"y":[0.167]},"n":["0p833_0p833_0p167_0p167"],"t":105,"s":[1263.061],"e":[1263.061]},{"t":131}],"ix":3},"y":{"a":0,"k":1.816,"ix":4}},"a":{"a":0,"k":[-473.789,0,0],"ix":1},"s":{"a":0,"k":[2308,48,100],"ix":6}},"ao":0,"shapes":[{"ty":"gr","it":[{"ty":"rc","d":1,"s":{"a":0,"k":[40,8],"ix":2},"p":{"a":0,"k":[0,0],"ix":3},"r":{"a":0,"k":0,"ix":4},"nm":"Rectangle Path 1","mn":"ADBE Vector Shape - Rect","hd":false},{"ty":"gf","o":{"a":0,"k":100,"ix":10},"r":1,"g":{"p":3,"k":{"a":0,"k":[0.525,0.384,0.392,0.655,0.763,0.384,0.392,0.655,1,0.384,0.392,0.655,0,0,0.262,0.5,0.524,1,0.762,0.5,1,0],"ix":9}},"s":{"a":0,"k":[19,0],"ix":5},"e":{"a":0,"k":[-19,0],"ix":6},"t":1,"nm":"Gradient Fill 1","mn":"ADBE Vector Graphic - G-Fill","hd":false},{"ty":"tr","p":{"a":0,"k":[-475.395,4.551],"ix":2},"a":{"a":0,"k":[0,0],"ix":1},"s":{"a":0,"k":[100,100],"ix":3},"r":{"a":0,"k":0,"ix":6},"o":{"a":0,"k":100,"ix":7},"sk":{"a":0,"k":0,"ix":4},"sa":{"a":0,"k":0,"ix":5},"nm":"Transform"}],"nm":"Rectangle 1","np":2,"cix":2,"ix":1,"mn":"ADBE Vector Group","hd":false}],"ip":0,"op":132,"st":0,"bm":0}],"markers":[]}