{"v":"5.2.0","fr":24,"ip":0,"op":64,"w":1080,"h":1080,"nm":"Animation","ddd":0,"assets":[],"layers":[{"ddd":0,"ind":1,"ty":3,"nm":"Null 2","sr":1,"ks":{"o":{"a":0,"k":0,"ix":11},"r":{"a":0,"k":0,"ix":10},"p":{"a":0,"k":[558,712,0],"ix":2},"a":{"a":0,"k":[49,49,0],"ix":1},"s":{"a":0,"k":[143,143,100],"ix":6}},"ao":0,"ip":0,"op":73,"st":0,"bm":0},{"ddd":0,"ind":2,"ty":3,"nm":"Null 1","parent":1,"sr":1,"ks":{"o":{"a":0,"k":0,"ix":11},"r":{"a":1,"k":[{"i":{"x":[0.667],"y":[1]},"o":{"x":[0.333],"y":[0]},"n":["0p667_1_0p333_0"],"t":6,"s":[0],"e":[-4.3]},{"i":{"x":[0.667],"y":[1]},"o":{"x":[0.333],"y":[0]},"n":["0p667_1_0p333_0"],"t":13,"s":[-4.3],"e":[0]},{"i":{"x":[0.667],"y":[1]},"o":{"x":[0.333],"y":[0]},"n":["0p667_1_0p333_0"],"t":19,"s":[0],"e":[0]},{"i":{"x":[0.667],"y":[1]},"o":{"x":[0.333],"y":[0]},"n":["0p667_1_0p333_0"],"t":23,"s":[0],"e":[0]},{"i":{"x":[0.667],"y":[1]},"o":{"x":[0.333],"y":[0]},"n":["0p667_1_0p333_0"],"t":47,"s":[0],"e":[0]},{"t":60}],"ix":10},"p":{"a":1,"k":[{"i":{"x":0.428,"y":1},"o":{"x":0.406,"y":0},"n":"0p428_1_0p406_0","t":6,"s":[28,-22,0],"e":[18,-85.682,0],"to":[0.33333334326744,-48.6666679382324,0],"ti":[0,0,0]},{"i":{"x":0.644,"y":1},"o":{"x":0.488,"y":0},"n":"0p644_1_0p488_0","t":13,"s":[18,-85.682,0],"e":[22,74.5,0],"to":[24.5,23,0],"ti":[15.8333330154419,-28.8333339691162,0]},{"i":{"x":0.667,"y":1},"o":{"x":0.333,"y":0},"n":"0p667_1_0p333_0","t":19,"s":[22,74.5,0],"e":[28,42,0],"to":[1.16666662693024,-5.16666650772095,0],"ti":[-1,5.41666650772095,0]},{"i":{"x":0.667,"y":0.667},"o":{"x":0.167,"y":0.167},"n":"0p667_0p667_0p167_0p167","t":23,"s":[28,42,0],"e":[28,42,0],"to":[0,0,0],"ti":[0,0,0]},{"i":{"x":0.57,"y":1},"o":{"x":0.42,"y":0},"n":"0p57_1_0p42_0","t":47,"s":[28,42,0],"e":[28,-22,0],"to":[2.5,-11.1666669845581,0],"ti":[7.5,36.5,0]},{"t":60}],"ix":2},"a":{"a":0,"k":[49.487,49,0],"ix":1},"s":{"a":0,"k":[-453.1,453.1,100],"ix":6}},"ao":0,"ip":0,"op":73,"st":0,"bm":0},{"ddd":0,"ind":3,"ty":4,"nm":"line_03","parent":12,"sr":1,"ks":{"o":{"a":0,"k":100,"ix":11},"r":{"a":0,"k":0,"ix":10},"p":{"a":0,"k":[0,0,0],"ix":2},"a":{"a":0,"k":[0,0,0],"ix":1},"s":{"a":0,"k":[100,100,100],"ix":6}},"ao":0,"shapes":[{"ty":"gr","it":[{"ind":0,"ty":"sh","ix":1,"ks":{"a":1,"k":[{"i":{"x":0.667,"y":1},"o":{"x":0.167,"y":0.167},"n":"0p667_1_0p167_0p167","t":15,"s":[{"i":[[0,0],[0,0]],"o":[[0,0],[0,0]],"v":[[-36.834,36.979],[-26.464,35.83]],"c":false}],"e":[{"i":[[0,0],[0,0]],"o":[[0,0],[0,0]],"v":[[-43.89,38.966],[-24.75,34.85]],"c":false}]},{"i":{"x":0.667,"y":1},"o":{"x":0.333,"y":0},"n":"0p667_1_0p333_0","t":19,"s":[{"i":[[0,0],[0,0]],"o":[[0,0],[0,0]],"v":[[-43.89,38.966],[-24.75,34.85]],"c":false}],"e":[{"i":[[0,0],[0,0]],"o":[[0,0],[0,0]],"v":[[-40.8,37.2],[-24.75,34.85]],"c":false}]},{"i":{"x":0.667,"y":1},"o":{"x":0.333,"y":0},"n":"0p667_1_0p333_0","t":24,"s":[{"i":[[0,0],[0,0]],"o":[[0,0],[0,0]],"v":[[-40.8,37.2],[-24.75,34.85]],"c":false}],"e":[{"i":[[0,0],[0,0]],"o":[[0,0],[0,0]],"v":[[-40.8,37.2],[-24.75,34.85]],"c":false}]},{"i":{"x":0.667,"y":1},"o":{"x":0.333,"y":0},"n":"0p667_1_0p333_0","t":45,"s":[{"i":[[0,0],[0,0]],"o":[[0,0],[0,0]],"v":[[-40.8,37.2],[-24.75,34.85]],"c":false}],"e":[{"i":[[0,0],[0,0]],"o":[[0,0],[0,0]],"v":[[-36.834,36.979],[-26.464,35.83]],"c":false}]},{"t":57}],"ix":2},"nm":"Path 1","mn":"ADBE Vector Shape - Group","hd":false},{"ty":"st","c":{"a":0,"k":[0.647058844566,0.505882382393,0.40000000596,1],"ix":3},"o":{"a":0,"k":100,"ix":4},"w":{"a":0,"k":6.25,"ix":5},"lc":2,"lj":2,"nm":"Stroke 1","mn":"ADBE Vector Graphic - Stroke","hd":false},{"ty":"tr","p":{"a":0,"k":[0,0],"ix":2},"a":{"a":0,"k":[0,0],"ix":1},"s":{"a":0,"k":[100,100],"ix":3},"r":{"a":0,"k":0,"ix":6},"o":{"a":0,"k":100,"ix":7},"sk":{"a":0,"k":0,"ix":4},"sa":{"a":0,"k":0,"ix":5},"nm":"Transform"}],"nm":"line_03","np":2,"cix":2,"ix":1,"mn":"ADBE Vector Group","hd":false}],"ip":0,"op":73,"st":0,"bm":0},{"ddd":0,"ind":4,"ty":4,"nm":"line_02","parent":12,"sr":1,"ks":{"o":{"a":0,"k":100,"ix":11},"r":{"a":0,"k":0,"ix":10},"p":{"a":0,"k":[0,0,0],"ix":2},"a":{"a":0,"k":[0,0,0],"ix":1},"s":{"a":0,"k":[100,100,100],"ix":6}},"ao":0,"shapes":[{"ty":"gr","it":[{"ind":0,"ty":"sh","ix":1,"ks":{"a":1,"k":[{"i":{"x":0.667,"y":1},"o":{"x":0.167,"y":0.167},"n":"0p667_1_0p167_0p167","t":15,"s":[{"i":[[0,0],[0,0]],"o":[[0,0],[0,0]],"v":[[-42.718,15.607],[-27.244,12.247]],"c":false}],"e":[{"i":[[0,0],[0,0]],"o":[[0,0],[0,0]],"v":[[-49.957,17.212],[-24.6,12.1]],"c":false}]},{"i":{"x":0.667,"y":1},"o":{"x":0.333,"y":0},"n":"0p667_1_0p333_0","t":19,"s":[{"i":[[0,0],[0,0]],"o":[[0,0],[0,0]],"v":[[-49.957,17.212],[-24.6,12.1]],"c":false}],"e":[{"i":[[0,0],[0,0]],"o":[[0,0],[0,0]],"v":[[-47.75,16.55],[-24.6,12.1]],"c":false}]},{"i":{"x":0.667,"y":1},"o":{"x":0.333,"y":0},"n":"0p667_1_0p333_0","t":24,"s":[{"i":[[0,0],[0,0]],"o":[[0,0],[0,0]],"v":[[-47.75,16.55],[-24.6,12.1]],"c":false}],"e":[{"i":[[0,0],[0,0]],"o":[[0,0],[0,0]],"v":[[-47.75,16.55],[-24.6,12.1]],"c":false}]},{"i":{"x":0.667,"y":1},"o":{"x":0.333,"y":0},"n":"0p667_1_0p333_0","t":45,"s":[{"i":[[0,0],[0,0]],"o":[[0,0],[0,0]],"v":[[-47.75,16.55],[-24.6,12.1]],"c":false}],"e":[{"i":[[0,0],[0,0]],"o":[[0,0],[0,0]],"v":[[-42.718,15.607],[-27.244,12.247]],"c":false}]},{"t":57}],"ix":2},"nm":"Path 1","mn":"ADBE Vector Shape - Group","hd":false},{"ty":"st","c":{"a":0,"k":[0.647058844566,0.505882382393,0.40000000596,1],"ix":3},"o":{"a":0,"k":100,"ix":4},"w":{"a":0,"k":6.25,"ix":5},"lc":2,"lj":2,"nm":"Stroke 1","mn":"ADBE Vector Graphic - Stroke","hd":false},{"ty":"tr","p":{"a":0,"k":[0,0],"ix":2},"a":{"a":0,"k":[0,0],"ix":1},"s":{"a":0,"k":[100,100],"ix":3},"r":{"a":0,"k":0,"ix":6},"o":{"a":0,"k":100,"ix":7},"sk":{"a":0,"k":0,"ix":4},"sa":{"a":0,"k":0,"ix":5},"nm":"Transform"}],"nm":"line_02","np":2,"cix":2,"ix":1,"mn":"ADBE Vector Group","hd":false}],"ip":0,"op":73,"st":0,"bm":0},{"ddd":0,"ind":5,"ty":4,"nm":"line_01","parent":12,"sr":1,"ks":{"o":{"a":0,"k":100,"ix":11},"r":{"a":0,"k":0,"ix":10},"p":{"a":0,"k":[0,0,0],"ix":2},"a":{"a":0,"k":[0,0,0],"ix":1},"s":{"a":0,"k":[100,100,100],"ix":6}},"ao":0,"shapes":[{"ty":"gr","it":[{"ind":0,"ty":"sh","ix":1,"ks":{"a":1,"k":[{"i":{"x":0.667,"y":1},"o":{"x":0.167,"y":0.167},"n":"0p667_1_0p167_0p167","t":15,"s":[{"i":[[0,0],[0,0]],"o":[[0,0],[0,0]],"v":[[-42.067,-9.943],[-25.645,-12.771]],"c":false}],"e":[{"i":[[0,0],[0,0]],"o":[[0,0],[0,0]],"v":[[-52.773,-6.476],[-23.05,-13.8]],"c":false}]},{"i":{"x":0.667,"y":1},"o":{"x":0.333,"y":0},"n":"0p667_1_0p333_0","t":19,"s":[{"i":[[0,0],[0,0]],"o":[[0,0],[0,0]],"v":[[-52.773,-6.476],[-23.05,-13.8]],"c":false}],"e":[{"i":[[0,0],[0,0]],"o":[[0,0],[0,0]],"v":[[-48.8,-7.8],[-23.05,-13.8]],"c":false}]},{"i":{"x":0.667,"y":1},"o":{"x":0.333,"y":0},"n":"0p667_1_0p333_0","t":24,"s":[{"i":[[0,0],[0,0]],"o":[[0,0],[0,0]],"v":[[-48.8,-7.8],[-23.05,-13.8]],"c":false}],"e":[{"i":[[0,0],[0,0]],"o":[[0,0],[0,0]],"v":[[-48.8,-7.8],[-23.05,-13.8]],"c":false}]},{"i":{"x":0.667,"y":1},"o":{"x":0.333,"y":0},"n":"0p667_1_0p333_0","t":45,"s":[{"i":[[0,0],[0,0]],"o":[[0,0],[0,0]],"v":[[-48.8,-7.8],[-23.05,-13.8]],"c":false}],"e":[{"i":[[0,0],[0,0]],"o":[[0,0],[0,0]],"v":[[-42.067,-9.943],[-25.645,-12.771]],"c":false}]},{"t":57}],"ix":2},"nm":"Path 1","mn":"ADBE Vector Shape - Group","hd":false},{"ty":"st","c":{"a":0,"k":[0.647058844566,0.505882382393,0.40000000596,1],"ix":3},"o":{"a":0,"k":100,"ix":4},"w":{"a":0,"k":6.25,"ix":5},"lc":2,"lj":2,"nm":"Stroke 1","mn":"ADBE Vector Graphic - Stroke","hd":false},{"ty":"tr","p":{"a":0,"k":[0,0],"ix":2},"a":{"a":0,"k":[0,0],"ix":1},"s":{"a":0,"k":[100,100],"ix":3},"r":{"a":0,"k":0,"ix":6},"o":{"a":0,"k":100,"ix":7},"sk":{"a":0,"k":0,"ix":4},"sa":{"a":0,"k":0,"ix":5},"nm":"Transform"}],"nm":"line_01","np":2,"cix":2,"ix":1,"mn":"ADBE Vector Group","hd":false}],"ip":0,"op":73,"st":0,"bm":0},{"ddd":0,"ind":6,"ty":4,"nm":"finger_04","parent":12,"sr":1,"ks":{"o":{"a":0,"k":100,"ix":11},"r":{"a":0,"k":0,"ix":10},"p":{"a":0,"k":[0,0,0],"ix":2},"a":{"a":0,"k":[0,0,0],"ix":1},"s":{"a":0,"k":[100,100,100],"ix":6}},"ao":0,"shapes":[{"ty":"gr","it":[{"ind":0,"ty":"sh","ix":1,"ks":{"a":1,"k":[{"i":{"x":0.667,"y":1},"o":{"x":0.167,"y":0.167},"n":"0p667_1_0p167_0p167","t":15,"s":[{"i":[[0,0],[0,0]],"o":[[0,0],[0,0]],"v":[[-27.093,47.097],[2.15,46.3]],"c":false}],"e":[{"i":[[0,0],[0,0]],"o":[[0,0],[0,0]],"v":[[-35.214,46.907],[2.15,46.3]],"c":false}]},{"i":{"x":0.667,"y":1},"o":{"x":0.333,"y":0},"n":"0p667_1_0p333_0","t":19,"s":[{"i":[[0,0],[0,0]],"o":[[0,0],[0,0]],"v":[[-35.214,46.907],[2.15,46.3]],"c":false}],"e":[{"i":[[0,0],[0,0]],"o":[[0,0],[0,0]],"v":[[-30.8,44.7],[2.15,46.3]],"c":false}]},{"i":{"x":0.667,"y":1},"o":{"x":0.167,"y":0},"n":"0p667_1_0p167_0","t":24,"s":[{"i":[[0,0],[0,0]],"o":[[0,0],[0,0]],"v":[[-30.8,44.7],[2.15,46.3]],"c":false}],"e":[{"i":[[0,0],[0,0]],"o":[[0,0],[0,0]],"v":[[-30.8,44.7],[2.15,46.3]],"c":false}]},{"i":{"x":0.667,"y":1},"o":{"x":0.167,"y":0},"n":"0p667_1_0p167_0","t":45,"s":[{"i":[[0,0],[0,0]],"o":[[0,0],[0,0]],"v":[[-30.8,44.7],[2.15,46.3]],"c":false}],"e":[{"i":[[0,0],[0,0]],"o":[[0,0],[0,0]],"v":[[-27.093,47.097],[2.15,46.3]],"c":false}]},{"t":57}],"ix":2},"nm":"Path 1","mn":"ADBE Vector Shape - Group","hd":false},{"ty":"st","c":{"a":0,"k":[0.992156863213,0.807843148708,0.298039227724,1],"ix":3},"o":{"a":0,"k":100,"ix":4},"w":{"a":0,"k":25,"ix":5},"lc":2,"lj":2,"nm":"Stroke 1","mn":"ADBE Vector Graphic - Stroke","hd":false},{"ty":"tr","p":{"a":0,"k":[0,0],"ix":2},"a":{"a":0,"k":[0,0],"ix":1},"s":{"a":0,"k":[100,100],"ix":3},"r":{"a":0,"k":0,"ix":6},"o":{"a":0,"k":100,"ix":7},"sk":{"a":0,"k":0,"ix":4},"sa":{"a":0,"k":0,"ix":5},"nm":"Transform"}],"nm":"finger_04","np":2,"cix":2,"ix":1,"mn":"ADBE Vector Group","hd":false}],"ip":0,"op":73,"st":0,"bm":0},{"ddd":0,"ind":7,"ty":4,"nm":"finger_03","parent":12,"sr":1,"ks":{"o":{"a":0,"k":100,"ix":11},"r":{"a":0,"k":0,"ix":10},"p":{"a":0,"k":[-18.5,18,0],"ix":2},"a":{"a":0,"k":[-18.5,18,0],"ix":1},"s":{"a":0,"k":[100,100,100],"ix":6}},"ao":0,"shapes":[{"ty":"gr","it":[{"ind":0,"ty":"sh","ix":1,"ks":{"a":1,"k":[{"i":{"x":0.667,"y":1},"o":{"x":0.167,"y":0.167},"n":"0p667_1_0p167_0p167","t":15,"s":[{"i":[[0,0],[0,0]],"o":[[0,0],[0,0]],"v":[[-35.687,24.774],[3.2,18.85]],"c":false}],"e":[{"i":[[0,0],[0,0]],"o":[[0,0],[0,0]],"v":[[-43.181,27.257],[3.2,18.85]],"c":false}]},{"i":{"x":0.667,"y":1},"o":{"x":0.333,"y":0},"n":"0p667_1_0p333_0","t":19,"s":[{"i":[[0,0],[0,0]],"o":[[0,0],[0,0]],"v":[[-43.181,27.257],[3.2,18.85]],"c":false}],"e":[{"i":[[0,0],[0,0]],"o":[[0,0],[0,0]],"v":[[-39.65,25.05],[3.2,18.85]],"c":false}]},{"i":{"x":0.667,"y":1},"o":{"x":0.167,"y":0},"n":"0p667_1_0p167_0","t":24,"s":[{"i":[[0,0],[0,0]],"o":[[0,0],[0,0]],"v":[[-39.65,25.05],[3.2,18.85]],"c":false}],"e":[{"i":[[0,0],[0,0]],"o":[[0,0],[0,0]],"v":[[-39.65,25.05],[3.2,18.85]],"c":false}]},{"i":{"x":0.667,"y":1},"o":{"x":0.167,"y":0},"n":"0p667_1_0p167_0","t":45,"s":[{"i":[[0,0],[0,0]],"o":[[0,0],[0,0]],"v":[[-39.65,25.05],[3.2,18.85]],"c":false}],"e":[{"i":[[0,0],[0,0]],"o":[[0,0],[0,0]],"v":[[-35.687,24.774],[3.2,18.85]],"c":false}]},{"t":57}],"ix":2},"nm":"Path 1","mn":"ADBE Vector Shape - Group","hd":false},{"ty":"st","c":{"a":0,"k":[0.992156863213,0.807843148708,0.298039227724,1],"ix":3},"o":{"a":0,"k":100,"ix":4},"w":{"a":0,"k":25,"ix":5},"lc":2,"lj":2,"nm":"Stroke 1","mn":"ADBE Vector Graphic - Stroke","hd":false},{"ty":"tr","p":{"a":0,"k":[0,0],"ix":2},"a":{"a":0,"k":[0,0],"ix":1},"s":{"a":0,"k":[100,100],"ix":3},"r":{"a":0,"k":0,"ix":6},"o":{"a":0,"k":100,"ix":7},"sk":{"a":0,"k":0,"ix":4},"sa":{"a":0,"k":0,"ix":5},"nm":"Transform"}],"nm":"finger_03","np":2,"cix":2,"ix":1,"mn":"ADBE Vector Group","hd":false}],"ip":0,"op":73,"st":0,"bm":0},{"ddd":0,"ind":8,"ty":4,"nm":"finger_02","parent":12,"sr":1,"ks":{"o":{"a":0,"k":100,"ix":11},"r":{"a":0,"k":0,"ix":10},"p":{"a":0,"k":[-18,-1,0],"ix":2},"a":{"a":0,"k":[-18,-1,0],"ix":1},"s":{"a":0,"k":[100,100,100],"ix":6}},"ao":0,"shapes":[{"ty":"gr","it":[{"ind":0,"ty":"sh","ix":1,"ks":{"a":1,"k":[{"i":{"x":0.667,"y":1},"o":{"x":0.167,"y":0.167},"n":"0p667_1_0p167_0p167","t":15,"s":[{"i":[[0,0],[0,0]],"o":[[0,0],[0,0]],"v":[[-40.387,3.769],[5.2,-2.3]],"c":false}],"e":[{"i":[[0,0],[0,0]],"o":[[0,0],[0,0]],"v":[[-49.99,5.55],[5.2,-2.3]],"c":false}]},{"i":{"x":0.667,"y":1},"o":{"x":0.333,"y":0},"n":"0p667_1_0p333_0","t":19,"s":[{"i":[[0,0],[0,0]],"o":[[0,0],[0,0]],"v":[[-49.99,5.55],[5.2,-2.3]],"c":false}],"e":[{"i":[[0,0],[0,0]],"o":[[0,0],[0,0]],"v":[[-46.9,5.55],[5.2,-2.3]],"c":false}]},{"i":{"x":0.667,"y":1},"o":{"x":0.167,"y":0},"n":"0p667_1_0p167_0","t":24,"s":[{"i":[[0,0],[0,0]],"o":[[0,0],[0,0]],"v":[[-46.9,5.55],[5.2,-2.3]],"c":false}],"e":[{"i":[[0,0],[0,0]],"o":[[0,0],[0,0]],"v":[[-46.9,5.55],[5.2,-2.3]],"c":false}]},{"i":{"x":0.667,"y":1},"o":{"x":0.167,"y":0},"n":"0p667_1_0p167_0","t":45,"s":[{"i":[[0,0],[0,0]],"o":[[0,0],[0,0]],"v":[[-46.9,5.55],[5.2,-2.3]],"c":false}],"e":[{"i":[[0,0],[0,0]],"o":[[0,0],[0,0]],"v":[[-40.387,3.769],[5.2,-2.3]],"c":false}]},{"t":57}],"ix":2},"nm":"Path 1","mn":"ADBE Vector Shape - Group","hd":false},{"ty":"st","c":{"a":0,"k":[0.992156863213,0.807843148708,0.298039227724,1],"ix":3},"o":{"a":0,"k":100,"ix":4},"w":{"a":0,"k":25,"ix":5},"lc":2,"lj":2,"nm":"Stroke 1","mn":"ADBE Vector Graphic - Stroke","hd":false},{"ty":"tr","p":{"a":0,"k":[0,0],"ix":2},"a":{"a":0,"k":[0,0],"ix":1},"s":{"a":0,"k":[100,100],"ix":3},"r":{"a":0,"k":0,"ix":6},"o":{"a":0,"k":100,"ix":7},"sk":{"a":0,"k":0,"ix":4},"sa":{"a":0,"k":0,"ix":5},"nm":"Transform"}],"nm":"finger_02","np":2,"cix":2,"ix":1,"mn":"ADBE Vector Group","hd":false}],"ip":0,"op":73,"st":0,"bm":0},{"ddd":0,"ind":9,"ty":4,"nm":"finger_01","parent":12,"sr":1,"ks":{"o":{"a":0,"k":100,"ix":11},"r":{"a":0,"k":0,"ix":10},"p":{"a":0,"k":[-13.5,-28.5,0],"ix":2},"a":{"a":0,"k":[-13.5,-28.5,0],"ix":1},"s":{"a":0,"k":[100,100,100],"ix":6}},"ao":0,"shapes":[{"ty":"gr","it":[{"ind":0,"ty":"sh","ix":1,"ks":{"a":1,"k":[{"i":{"x":0.667,"y":1},"o":{"x":0.167,"y":0.167},"n":"0p667_1_0p167_0p167","t":15,"s":[{"i":[[0,0],[-12.922,-3.888]],"o":[[18.812,-8.054],[0,0]],"v":[[-39.717,-21.683],[0.5,-26.05]],"c":false}],"e":[{"i":[[0,0],[-12.922,-3.888]],"o":[[18.812,-8.054],[0,0]],"v":[[-50.19,-18.476],[0.5,-26.05]],"c":false}]},{"i":{"x":0.667,"y":1},"o":{"x":0.333,"y":0},"n":"0p667_1_0p333_0","t":19,"s":[{"i":[[0,0],[-12.922,-3.888]],"o":[[18.812,-8.054],[0,0]],"v":[[-50.19,-18.476],[0.5,-26.05]],"c":false}],"e":[{"i":[[0,0],[-12.922,-3.888]],"o":[[18.812,-8.054],[0,0]],"v":[[-47.1,-19.8],[0.5,-26.05]],"c":false}]},{"i":{"x":0.667,"y":1},"o":{"x":0.167,"y":0},"n":"0p667_1_0p167_0","t":24,"s":[{"i":[[0,0],[-12.922,-3.888]],"o":[[18.812,-8.054],[0,0]],"v":[[-47.1,-19.8],[0.5,-26.05]],"c":false}],"e":[{"i":[[0,0],[-12.922,-3.888]],"o":[[18.812,-8.054],[0,0]],"v":[[-47.1,-19.8],[0.5,-26.05]],"c":false}]},{"i":{"x":0.667,"y":1},"o":{"x":0.167,"y":0},"n":"0p667_1_0p167_0","t":45,"s":[{"i":[[0,0],[-12.922,-3.888]],"o":[[18.812,-8.054],[0,0]],"v":[[-47.1,-19.8],[0.5,-26.05]],"c":false}],"e":[{"i":[[0,0],[-12.922,-3.888]],"o":[[18.812,-8.054],[0,0]],"v":[[-39.717,-21.683],[0.5,-26.05]],"c":false}]},{"t":57}],"ix":2},"nm":"Path 1","mn":"ADBE Vector Shape - Group","hd":false},{"ty":"st","c":{"a":0,"k":[0.992156863213,0.807843148708,0.298039227724,1],"ix":3},"o":{"a":0,"k":100,"ix":4},"w":{"a":0,"k":25,"ix":5},"lc":2,"lj":2,"nm":"Stroke 1","mn":"ADBE Vector Graphic - Stroke","hd":false},{"ty":"tr","p":{"a":0,"k":[0,0],"ix":2},"a":{"a":0,"k":[0,0],"ix":1},"s":{"a":0,"k":[100,100],"ix":3},"r":{"a":0,"k":0,"ix":6},"o":{"a":0,"k":100,"ix":7},"sk":{"a":0,"k":0,"ix":4},"sa":{"a":0,"k":0,"ix":5},"nm":"Transform"}],"nm":"finger_01","np":2,"cix":2,"ix":1,"mn":"ADBE Vector Group","hd":false}],"ip":0,"op":73,"st":0,"bm":0},{"ddd":0,"ind":10,"ty":3,"nm":"Null 3","parent":12,"sr":1,"ks":{"o":{"a":0,"k":0,"ix":11},"r":{"a":0,"k":-21.835,"ix":10},"p":{"a":0,"k":[37.546,36.905,0],"ix":2},"a":{"a":0,"k":[49,49,0],"ix":1},"s":{"a":0,"k":[-15.434,15.434,100],"ix":6}},"ao":0,"ip":0,"op":73,"st":0,"bm":0},{"ddd":0,"ind":11,"ty":4,"nm":"wrist","parent":10,"sr":1,"ks":{"o":{"a":0,"k":100,"ix":11},"r":{"a":1,"k":[{"i":{"x":[0.472],"y":[1]},"o":{"x":[0.333],"y":[0]},"n":["0p472_1_0p333_0"],"t":6,"s":[2.841],"e":[-7.459]},{"i":{"x":[0.667],"y":[1]},"o":{"x":[0.47],"y":[0]},"n":["0p667_1_0p47_0"],"t":13,"s":[-7.459],"e":[15.046]},{"i":{"x":[0.667],"y":[1]},"o":{"x":[0.333],"y":[0]},"n":["0p667_1_0p333_0"],"t":19,"s":[15.046],"e":[13.88]},{"i":{"x":[0.667],"y":[1]},"o":{"x":[0.333],"y":[0]},"n":["0p667_1_0p333_0"],"t":23,"s":[13.88],"e":[13.88]},{"i":{"x":[0.47],"y":[1]},"o":{"x":[0.333],"y":[0]},"n":["0p47_1_0p333_0"],"t":47,"s":[13.88],"e":[2.841]},{"t":60}],"ix":10},"p":{"a":0,"k":[47.07,44.048,0],"ix":2},"a":{"a":0,"k":[37.5,37,0],"ix":1},"s":{"a":0,"k":[-647.933,647.933,100],"ix":6}},"ao":0,"shapes":[{"ty":"gr","it":[{"ind":0,"ty":"sh","ix":1,"ks":{"a":0,"k":{"i":[[0,0],[14.75,10],[4.5,4],[-5.75,7.75],[-3.5,4.25],[-7.194,-4.161],[-5,-4.25],[8.267,-11.966]],"o":[[-4.5,5.75],[-14.75,-10],[-4.5,-4],[5.75,-7.75],[3.5,-4.25],[9.09,5.257],[5,4.25],[-6.952,10.062]],"v":[[71.796,79.045],[48.339,85.014],[9.363,56.879],[7.981,38.063],[29.712,10.571],[47.139,7.821],[87.349,36.469],[87.473,58.394]],"c":true},"ix":2},"nm":"Path 1","mn":"ADBE Vector Shape - Group","hd":false},{"ty":"fl","c":{"a":0,"k":[0.992156863213,0.807843148708,0.298039227724,1],"ix":4},"o":{"a":0,"k":100,"ix":5},"r":1,"nm":"Fill 1","mn":"ADBE Vector Graphic - Fill","hd":false},{"ty":"tr","p":{"a":0,"k":[0,0],"ix":2},"a":{"a":0,"k":[0,0],"ix":1},"s":{"a":0,"k":[100,100],"ix":3},"r":{"a":0,"k":0,"ix":6},"o":{"a":0,"k":100,"ix":7},"sk":{"a":0,"k":0,"ix":4},"sa":{"a":0,"k":0,"ix":5},"nm":"Transform"}],"nm":"wrist","np":2,"cix":2,"ix":1,"mn":"ADBE Vector Group","hd":false}],"ip":0,"op":73,"st":0,"bm":0},{"ddd":0,"ind":12,"ty":4,"nm":"palm","parent":2,"sr":1,"ks":{"o":{"a":0,"k":100,"ix":11},"r":{"a":0,"k":0,"ix":10},"p":{"a":0,"k":[50,47,0],"ix":2},"a":{"a":0,"k":[18,17,0],"ix":1},"s":{"a":0,"k":[100,100,100],"ix":6}},"ao":0,"shapes":[{"ty":"gr","it":[{"ind":0,"ty":"sh","ix":1,"ks":{"a":0,"k":{"i":[[17.921,-13.788],[2.338,-14.902],[-16.134,-8.663],[-16.164,-0.217],[-4.126,3.896],[-2.462,4.553],[5.536,13.344],[5.927,10.705]],"o":[[-13.03,10.025],[-2.338,14.902],[11.973,6.428],[11.408,0.153],[4.126,-3.896],[2.462,-4.553],[-6.311,-15.21],[-7.159,-12.931]],"v":[[-9.921,-32.212],[-36.4,25.443],[-23.891,57.109],[17.187,68.854],[38.889,63.968],[60.75,35],[59.75,13.5],[41.159,-21.569]],"c":true},"ix":2},"nm":"Path 1","mn":"ADBE Vector Shape - Group","hd":false},{"ty":"fl","c":{"a":0,"k":[0.992156863213,0.807843148708,0.298039227724,1],"ix":4},"o":{"a":0,"k":100,"ix":5},"r":1,"nm":"Fill 1","mn":"ADBE Vector Graphic - Fill","hd":false},{"ty":"tr","p":{"a":0,"k":[0,0],"ix":2},"a":{"a":0,"k":[0,0],"ix":1},"s":{"a":0,"k":[100,100],"ix":3},"r":{"a":0,"k":0,"ix":6},"o":{"a":0,"k":100,"ix":7},"sk":{"a":0,"k":0,"ix":4},"sa":{"a":0,"k":0,"ix":5},"nm":"Transform"}],"nm":"palm","np":2,"cix":2,"ix":1,"mn":"ADBE Vector Group","hd":false}],"ip":0,"op":73,"st":0,"bm":0},{"ddd":0,"ind":13,"ty":4,"nm":"thumb","parent":12,"sr":1,"ks":{"o":{"a":0,"k":100,"ix":11},"r":{"a":0,"k":0,"ix":10},"p":{"a":0,"k":[28.5,-14.5,0],"ix":2},"a":{"a":0,"k":[28.5,-14.5,0],"ix":1},"s":{"a":0,"k":[100,100,100],"ix":6}},"ao":0,"shapes":[{"ty":"gr","it":[{"ind":0,"ty":"sh","ix":1,"ks":{"a":1,"k":[{"i":{"x":0.833,"y":0.833},"o":{"x":0.339,"y":0},"n":"0p833_0p833_0p339_0","t":8,"s":[{"i":[[0,0],[-11.958,-22.693]],"o":[[13.385,12.166],[0,0]],"v":[[-18.63,-50.328],[27.9,-19]],"c":false}],"e":[{"i":[[0,0],[-7.056,-23.377]],"o":[[13.385,12.166],[0,0]],"v":[[-19.506,-45.083],[27.9,-19]],"c":false}]},{"i":{"x":0.833,"y":0.833},"o":{"x":0.869,"y":0.869},"n":"0p833_0p833_0p869_0p869","t":12,"s":[{"i":[[0,0],[-7.056,-23.377]],"o":[[13.385,12.166],[0,0]],"v":[[-19.506,-45.083],[27.9,-19]],"c":false}],"e":[{"i":[[0,0],[-7.056,-23.377]],"o":[[13.385,12.166],[0,0]],"v":[[-19.506,-45.083],[27.9,-19]],"c":false}]},{"i":{"x":0.833,"y":0.883},"o":{"x":0.869,"y":0.869},"n":"0p833_0p883_0p869_0p869","t":13,"s":[{"i":[[0,0],[-7.056,-23.377]],"o":[[13.385,12.166],[0,0]],"v":[[-19.506,-45.083],[27.9,-19]],"c":false}],"e":[{"i":[[0,0],[-7.056,-23.377]],"o":[[13.385,12.166],[0,0]],"v":[[-19.019,-46.973],[27.9,-19]],"c":false}]},{"i":{"x":0.706,"y":0.706},"o":{"x":0.408,"y":0.287},"n":"0p706_0p706_0p408_0p287","t":14,"s":[{"i":[[0,0],[-7.056,-23.377]],"o":[[13.385,12.166],[0,0]],"v":[[-19.019,-46.973],[27.9,-19]],"c":false}],"e":[{"i":[[0,0],[-15.881,-23.825]],"o":[[1.65,17.515],[0,0]],"v":[[4.624,-75.817],[27.9,-19]],"c":false}]},{"i":{"x":0.833,"y":0.833},"o":{"x":0.167,"y":0.167},"n":"0p833_0p833_0p167_0p167","t":18,"s":[{"i":[[0,0],[-15.881,-23.825]],"o":[[1.65,17.515],[0,0]],"v":[[4.624,-75.817],[27.9,-19]],"c":false}],"e":[{"i":[[0,0],[-13.817,-20.442]],"o":[[-0.246,17.25],[0,0]],"v":[[5.91,-76.108],[27.9,-19]],"c":false}]},{"i":{"x":0.456,"y":1},"o":{"x":0.167,"y":0.167},"n":"0p456_1_0p167_0p167","t":19,"s":[{"i":[[0,0],[-13.817,-20.442]],"o":[[-0.246,17.25],[0,0]],"v":[[5.91,-76.108],[27.9,-19]],"c":false}],"e":[{"i":[[0,0],[-11.958,-17.396]],"o":[[-0.35,18.5],[0,0]],"v":[[2.511,-72.398],[27.9,-19]],"c":false}]},{"i":{"x":0,"y":0},"o":{"x":0.079,"y":0},"n":"0_0_0p079_0","t":22,"s":[{"i":[[0,0],[-11.958,-17.396]],"o":[[-0.35,18.5],[0,0]],"v":[[2.511,-72.398],[27.9,-19]],"c":false}],"e":[{"i":[[0,0],[-14.606,-21.736]],"o":[[1,17.835],[0,0]],"v":[[0.791,-73.061],[27.9,-19]],"c":false}]},{"i":{"x":0.833,"y":0.833},"o":{"x":0.167,"y":0.167},"n":"0p833_0p833_0p167_0p167","t":25,"s":[{"i":[[0,0],[-14.606,-21.736]],"o":[[1,17.835],[0,0]],"v":[[0.791,-73.061],[27.9,-19]],"c":false}],"e":[{"i":[[0,0],[-14.606,-21.736]],"o":[[1,17.835],[0,0]],"v":[[0.791,-73.061],[27.9,-19]],"c":false}]},{"i":{"x":0.766,"y":1},"o":{"x":0.759,"y":0.759},"n":"0p766_1_0p759_0p759","t":51,"s":[{"i":[[0,0],[-14.606,-21.736]],"o":[[1,17.835],[0,0]],"v":[[0.791,-73.061],[27.9,-19]],"c":false}],"e":[{"i":[[0,0],[-11.958,-22.693]],"o":[[13.385,12.166],[0,0]],"v":[[-18.63,-50.328],[27.9,-19]],"c":false}]},{"t":58}],"ix":2},"nm":"Path 1","mn":"ADBE Vector Shape - Group","hd":false},{"ty":"st","c":{"a":0,"k":[0.992156863213,0.807843148708,0.298039227724,1],"ix":3},"o":{"a":0,"k":100,"ix":4},"w":{"a":0,"k":25,"ix":5},"lc":2,"lj":2,"nm":"Stroke 1","mn":"ADBE Vector Graphic - Stroke","hd":false},{"ty":"tr","p":{"a":0,"k":[0,0],"ix":2},"a":{"a":0,"k":[0,0],"ix":1},"s":{"a":0,"k":[100,100],"ix":3},"r":{"a":0,"k":0,"ix":6},"o":{"a":0,"k":100,"ix":7},"sk":{"a":0,"k":0,"ix":4},"sa":{"a":0,"k":0,"ix":5},"nm":"Transform"}],"nm":"thumb","np":2,"cix":2,"ix":1,"mn":"ADBE Vector Group","hd":false}],"ip":0,"op":73,"st":0,"bm":0}],"markers":[{"tm":8,"cm":"1","dr":0},{"tm":14,"cm":"2","dr":0},{"tm":18,"cm":"3","dr":0},{"tm":22,"cm":"4","dr":0}]}
